Marca;Modelo;VersiÛn;AÒo;Km;"Ficha Of.";DueÒos;"Precio Vta";Min;Max;"Val Mercado";M·rgen;UbicaciÛn;Link;Cel;Part/Autom;Titulo;Moneda;Financiable;Type;"Acepta MercadoPago";"Fecha de Registro";Puntos;Perfil;Status;"GestiÛn administrativa";"Doble tracciÛn";"CondiciÛn del Ìtem";Color;"⁄nico dueÒo";DirecciÛn;"Control de tracciÛn";"Aire acondicionado";"Cierre centralizado de puertas";"Control elÈctrico para los retrovisores";"Asientos elÈctricos";GPS;"Faros con regulaciÛn autom·tica";"Apoya cabeza en asientos traseros";"Asiento conductor regulable en altura";"Tapizado de cuero";"Sensor de luz";"Paragolpes pintados";"Sensor de estacionamiento";"Cristales elÈctricos";"Respaldo trasero";"Apertura remota de ba˙l";"AceleraciÛn alcohol";"AceleraciÛn diesel";"AceleraciÛn nafta";"AutonomÌa con alcohol";"AutonomÌa con diesel";"AutonomÌa con nafta";"Consumo promedio alcohol";"Consumo promedio diesel";"Consumo promedio nafta";Cilindros;"Distancia entre ejes";Cilindrada;"Capacidad del tanque";"Numero de velocidades";"Color de engomado";"Tablero con detalles en aluminio";"Android auto";"Apple CarPlay";"TracciÛn ASR";"Cierre autom·tico de vidrios";"Asiento trasero con apoyabrazo central";"Tablero con detalles cromados";"Manijas externas de puertas cromadas";"Posavasos en apoyabrazos central trasero";"Asiento trasero con respaldo bipartido";"Asiento delantero conductor con regulaciÛn elÈctrica de la inclinaciÛn del respaldo";"Asiento delantero pasajero con regulaciÛn elÈctrica de la inclinaciÛn del respaldo";"Asiento delantero pasajero con regulaciÛn elÈctrica de altura";"Asiento delantero conductor con regulaciÛn elÈctrica longitudinal";"Asiento delantero pasajero con regulaciÛn elÈctrica longitudinal";"Asiento delantero conductor con regulaciÛn elÈctrica de inclinaciÛn";"Asiento delantero pasajero con regulaciÛn elÈctrica de inclinaciÛn";"Asiento delantero integral bipartido";"Asiento delantero integral";"Sensor delantero de distancia para estacionamiento";"Asientos delanteros calefaccionados";"Asiento acompaÒante regulable en altura";"RegulaciÛn de altura del volante";"Asientos delanteros individuales";"Sistema ISOFIX";"Asiento trasero con regulaciÛn longitudinal";"RegulaciÛn longitudinal del volante";"Tiene licencia";"Porta equipaje en techo";Pintado;"Paragolpe delantero del color del vehÌculo";"Paragolpe trasero del color del vehÌculo";"Levantavidrios elÈctricos delanteros";"Levantavidrios elÈctricos traseros";"Sensor trasero de distancia para estacionamiento";"Apertura remota de puertas";"Airbag laterales delanteros";"Airbag laterales traseros";"Tablero con detalles en color especial";"Paragolpe trasero pintados de color especial";"Paragolpe delantero pintados de color especial";"Volante revestido en cuero";Taximetro;"Tablero con detalles en madera";Altura;Largo;Ba˙l;"Velocidad m·xima con alcohol";"Velocidad m·xima con diesel";"Velocidad m·xima con nafta";"Capacidad de personas";Potencia;Versiones;"Detalle transmisiÛn";"V·lvulas por cilindro";Ancho;"Consumo medio en ciudad";"Piloto autom·tico";"Aviso de punto ciego";Climatizador;"Porta vasos";"Control de velocidad crucero";"Alarma de luces encendidas";"Computadora de abordo";"Asiento trasero rebatible";"Techo solar elÈctrico retr·ctil";"Faros de xenÛn";"Consumo medio en ruta";"Defensa delantera";"Soporte para rueda de auxilio";"Capota marÌtima";"Cobertor de caja";"Limpia/lava luneta";"Horario de contacto";Puertas;Motor;"Tipo de combustible";TransmisiÛn;"Tipo de carrocerÌa";"Tipo de vehÌculo";"Entrega a domicilio";"Tapizado de tela";"Tapizado de semicuero";"InspecciÛn vehicular";"Test drive a domicilio";"VehÌculo asegurado";Mercado;"DocumentaciÛn en casa";"Acepta permuta";"Sanitiza el vehÌculo";"Tours virtuales";"Sensor de cambio de carril activo";"Aire acondicionado con control autom·tico de la temperatura";"Aire acondicionado con controles individuales";"Rueda de auxilio de aleaciÛn";"Apoyabrazos entre los asientos delanteros";"Amplificador de audio";"Aire acondicionado autom·tico con controles individuales";"Aire acondicionado autom·tico con controles individuales del/tras (3 zonas)";"Aire acondicionado autom·tico con controles individuales del/tras (4 zonas)";"Aire acondicionado autom·tico con controles individuales delanteros/traseros";"Sistema de estacionamiento autom·tico";"Destrabamiento autom·tico de puertas en caso de accidente";"Accionamiento de luces auxiliares en caso de frenado brusco";"C·mara de retroceso";"Tapa de caja";"Viva-voz con sistema bluetooth";Blu-ray;"Llantas de aleaciÛn cromadas";"Manija de puertas cromadas";"Paragolpes delantero cromado";"Paragolpes trasero cromado";"Sistema de control de frenado en curva (CBC)";"Protector de c·rter";"LCD en panel de instrumentos";"Con faros diurnos LED";"Apoyabrazos conductor";"Asiento del conductor con regulaciÛn elÈctrica de altura";"Con modo Eco";"Espejo retrovisor interno electro crÛmico";"Motor con tecnologÌa de reducciÛn de emisiones (Efficiency)";"Espejos externos con inclinaciÛn autom·tica en marcha atr·s";"Espejos retrovisores externos rebatibles elÈctricamente";"Con garantÌa de f·brica";"Apoyabrazos delanteros individuales";"LCD en respaldo asiento delantero";"Protector de tanque de combustible";"Cambio de marchas en el volante";"TelÈfono celular manos libres";"Faros con encendido en caso de lluvia";"Faros con accionamiento autom·tico-encendido";"Limpiador de faros";"Lavador de faros";"Sensor de cambio de carril";"LCD entre asientos delanteros";"LCD para asientos traseros";"Con faros de neblina LED";"Con faros delanteros LED";"Con faros traseros LED";"Llantas de lujo";"Vidrios manuales";"Con garantÌa mec·nica";"Precio negociable";Estribos;"Llantas nuevas";"Luces exploradoras";"IPVA pago";"Manija de puertas en color del vehÌculo";"LCD en panel";"Techo de vidrio panor·mico";"Techo solar panor·mico";"Sensor de estacionamiento por c·mara delantera";"Sensor de estacionamiento por c·mara trasera";"Sistema de estacionamiento con gr·ficos";"Asiento del pasajero con regulaciÛn elÈctrica de altura";"Cinturones de seguridad delanteros retr·ctiles";"Cinturones de seguridad delanteros retr·ctiles con regulaciÛn elÈctrica de altura";"Cinturones de seguridad delanteros retr·ctiles con regulaciÛn de altura";"Cinturones de seguridad traseros retr·ctiles";"Cinturones de seguridad traseros retr·ctiles con regulaciÛn elÈctrica de altura";"Cinturones de seguridad traseros retr·ctiles con regulaciÛn de altura";"LCD en techo";"Films de seguridad";"Techo solar sky window";"Llantas de aleaciÛn en color especial";"Manija de puertas en color especial";AlerÛn;"Rueda de auxilio de acero";"Llantas de acero";"RevisiÛn tecnomec·nica";"Rueda de auxilio temporal";"Tercera fila";"LCD con sistema touch screen";"Sistema de GPS con indicaciÛn por voz";"Sistema de comando de voz";Blindado;"Frenos ABS";Alarma;"Llantas de aleaciÛn";"Airbag de cortina";"Airbag conductor";"Repartidor electrÛnico de fuerza de frenado";"Sistema de bloqueo de encendido";"Faros antiniebla";"Faros antinieblas delanteros";"Airbag para conductor y pasajero";"Sensor de lluvia";"Faros antinieblas traseros";"DesempaÒador trasero";"Barra anti vuelco";"Airbag laterales";"Control de estabilidad";"Comando remoto para radio en el volante";"Tercera luz de freno led";AM/FM;"Entrada auxiliar";Bluetooth;CD;DVD;"Reproductor de MP3";"Tarjeta SD";"Entrada USB"
Chana;"Doble Cabina";-;2009;"168446 km";;"MOTORLAND URUGUAY";6990;;;;;Shangril·;https://auto.mercadolibre.com.uy/MLU-701159896-chana-doble-cabina-motorland-permuto-financio-_JM;N/A;;"Chana Doble Cabina - Motorland Permuto / Financio";USD;SÌ;gold_premium;false;N/A;N/A;http://perfil.mercadolibre.com.uy/MOTORLAND+URUGUAY;active;N/A;N/A;Usado;BordÛ;N/A;Hidr·ulica;N/A;SÌ;N/A;N/A;N/A;N/A;N/A;N/A;N/A;SÌ;N/A;N/A;N/A;SÌ;N/A;N/A;N/A;N/A;N/A;N/A;N/A;N/A;N/A;N/A;N/A;N/A;N/A;"2200 cc";N/A;5;N/A;N/A;N/A;N/A;N/A;N/A;N/A;N/A;N/A;N/A;N/A;N/A;N/A;N/A;N/A;N/A;N/A;N/A;N/A;N/A;N/A;N/A;N/A;N/A;N/A;N/A;N/A;N/A;N/A;N/A;N/A;N/A;N/A;N/A;N/A;N/A;N/A;N/A;N/A;N/A;N/A;N/A;N/A;N/A;N/A;N/A;N/A;N/A;N/A;N/A;N/A;N/A;"130 hp";N/A;N/A;N/A;N/A;"10 km/l";N/A;N/A;N/A;N/A;N/A;N/A;N/A;N/A;N/A;N/A;"14 km/l";N/A;N/A;N/A;SÌ;N/A;"Lunes a viernes de 09:30 a 18:30 y s·bados de 09 a 13 hs.";5;2.2;Nafta;Manual;Pick-Up;"Autos y camionetas";No;N/A;N/A;N/A;No;N/A;N/A;No;SÌ;No;No;N/A;N/A;N/A;N/A;N/A;N/A;N/A;N/A;N/A;N/A;N/A;N/A;N/A;N/A;N/A;N/A;N/A;N/A;N/A;N/A;N/A;N/A;N/A;N/A;N/A;N/A;N/A;N/A;N/A;N/A;N/A;N/A;N/A;N/A;N/A;N/A;N/A;N/A;N/A;N/A;N/A;N/A;N/A;N/A;N/A;N/A;N/A;N/A;N/A;N/A;N/A;No;N/A;N/A;N/A;N/A;N/A;N/A;N/A;N/A;N/A;N/A;N/A;N/A;N/A;N/A;N/A;N/A;N/A;N/A;N/A;N/A;N/A;N/A;N/A;N/A;N/A;N/A;N/A;N/A;N/A;N/A;N/A;N/A;N/A;SÌ;N/A;SÌ;N/A;N/A;N/A;N/A;N/A;N/A;N/A;N/A;N/A;N/A;N/A;N/A;N/A;N/A;N/A;SÌ;N/A;SÌ;N/A;N/A;SÌ;N/A;N/A
Chana;"CS 35";"CS blue Core";2020;"71124 km";;SHOPPINGDEAUTOS02;14500;;;;;Carrasco;https://auto.mercadolibre.com.uy/MLU-701040472-chana-cs15-15-full-ano-2020-_JM;N/A;;"Chana Cs15 1.5 Full AÒo 2020";$(uy);SÌ;gold_premium;false;N/A;N/A;http://perfil.mercadolibre.com.uy/SHOPPINGDEAUTOS02;active;N/A;N/A;Usado;Blanco;SÌ;Hidr·ulica;Delantera;SÌ;SÌ;SÌ;No;No;No;No;No;No;SÌ;No;No;SÌ;N/A;No;N/A;N/A;N/A;N/A;N/A;N/A;N/A;N/A;N/A;N/A;N/A;"1500 cc";N/A;N/A;N/A;N/A;SÌ;SÌ;N/A;No;No;N/A;N/A;N/A;N/A;N/A;N/A;N/A;N/A;N/A;N/A;N/A;N/A;N/A;N/A;No;No;No;N/A;No;N/A;No;N/A;No;N/A;N/A;N/A;N/A;N/A;N/A;No;N/A;N/A;N/A;N/A;N/A;No;N/A;N/A;N/A;N/A;N/A;N/A;N/A;N/A;N/A;N/A;"Cs 15 blue Core";N/A;N/A;N/A;N/A;No;No;No;No;No;SÌ;No;No;No;No;N/A;No;No;N/A;N/A;SÌ;"Lunes a Lunes de 10 a 20Ýhoras.";5;1.5;Nafta;Manual;SUV;"Autos y camionetas";No;N/A;N/A;N/A;No;N/A;UY;N/A;SÌ;N/A;No;N/A;N/A;N/A;N/A;N/A;N/A;N/A;N/A;N/A;N/A;N/A;N/A;N/A;No;N/A;N/A;N/A;N/A;N/A;N/A;N/A;N/A;N/A;N/A;N/A;N/A;N/A;N/A;N/A;N/A;N/A;N/A;No;N/A;N/A;N/A;N/A;N/A;N/A;N/A;N/A;N/A;N/A;N/A;N/A;N/A;N/A;N/A;N/A;N/A;SÌ;No;N/A;N/A;N/A;N/A;N/A;N/A;N/A;No;No;No;N/A;N/A;N/A;N/A;N/A;N/A;N/A;N/A;N/A;N/A;N/A;N/A;N/A;N/A;N/A;N/A;N/A;N/A;N/A;N/A;N/A;N/A;No;SÌ;SÌ;SÌ;No;SÌ;No;SÌ;N/A;SÌ;SÌ;No;No;No;N/A;No;No;No;No;SÌ;SÌ;SÌ;No;No;No;No;SÌ
Chana;Star;"1.2 Md201 Pickup Cab Simple";2019;"65000 km";;MOLINELLIJAVIER;7800;;;;;Migues;https://auto.mercadolibre.com.uy/MLU-701517770-chana-star-2019-12-md201-pickup-cab-simple-_JM;N/A;;"Chana Star 2019 1.2 Md201 Pickup Cab Simple";usd;SÌ;gold_premium;false;N/A;N/A;http://perfil.mercadolibre.com.uy/MOLINELLIJAVIER;active;N/A;N/A;Usado;N/A;N/A;Hidr·ulica;Trasera;SÌ;N/A;N/A;N/A;N/A;N/A;N/A;N/A;N/A;N/A;N/A;N/A;N/A;N/A;N/A;N/A;N/A;N/A;N/A;N/A;N/A;N/A;N/A;N/A;4;N/A;"1.2 L";N/A;5;N/A;N/A;N/A;N/A;N/A;N/A;N/A;N/A;N/A;N/A;N/A;N/A;N/A;N/A;N/A;N/A;N/A;N/A;N/A;N/A;N/A;N/A;N/A;N/A;N/A;N/A;N/A;N/A;N/A;N/A;N/A;N/A;N/A;N/A;N/A;N/A;N/A;N/A;N/A;N/A;N/A;N/A;N/A;N/A;N/A;N/A;N/A;N/A;N/A;N/A;N/A;N/A;"97 hp";N/A;N/A;N/A;N/A;N/A;N/A;N/A;N/A;N/A;N/A;N/A;N/A;N/A;N/A;N/A;N/A;N/A;N/A;N/A;N/A;N/A;N/A;2;1.2;Nafta;Manual;Pick-Up;"Autos y camionetas";N/A;N/A;N/A;N/A;N/A;N/A;UY;N/A;N/A;N/A;N/A;N/A;N/A;N/A;N/A;N/A;N/A;N/A;N/A;N/A;N/A;N/A;N/A;N/A;N/A;N/A;N/A;N/A;N/A;N/A;N/A;N/A;N/A;N/A;N/A;N/A;N/A;N/A;N/A;N/A;N/A;N/A;N/A;N/A;N/A;N/A;N/A;N/A;N/A;N/A;N/A;N/A;N/A;N/A;N/A;N/A;N/A;N/A;N/A;N/A;N/A;N/A;N/A;N/A;N/A;N/A;N/A;N/A;N/A;N/A;N/A;N/A;N/A;N/A;N/A;N/A;N/A;N/A;N/A;N/A;N/A;N/A;N/A;N/A;N/A;N/A;N/A;N/A;N/A;N/A;N/A;N/A;N/A;N/A;N/A;N/A;N/A;N/A;N/A;N/A;N/A;N/A;N/A;N/A;N/A;N/A;N/A;N/A;N/A;N/A;N/A;N/A;N/A;N/A;N/A;N/A;N/A;N/A;N/A;N/A;N/A;N/A
Chana;Star;"1.2 Md201 Box";2016;"115400 km";;BRAGUNDELEANDROLFBG;3990;;;;;"Santa Rosa";https://auto.mercadolibre.com.uy/MLU-698259134-chana-star-12-md201-box-_JM;N/A;;"Chana Star 1.2 Md201 Box";usd;SÌ;gold_premium;false;N/A;N/A;http://perfil.mercadolibre.com.uy/BRAGUNDELEANDROLFBG;active;N/A;N/A;Usado;Blanco;No;Mec·nica;Trasera;SÌ;N/A;N/A;N/A;N/A;N/A;N/A;N/A;N/A;N/A;N/A;N/A;N/A;N/A;N/A;N/A;N/A;N/A;N/A;N/A;N/A;N/A;N/A;N/A;4;N/A;"1.2 L";N/A;5;N/A;N/A;N/A;N/A;N/A;N/A;N/A;N/A;N/A;N/A;N/A;N/A;N/A;N/A;N/A;N/A;N/A;N/A;N/A;N/A;N/A;N/A;N/A;N/A;N/A;N/A;N/A;N/A;N/A;N/A;N/A;N/A;N/A;N/A;N/A;N/A;N/A;N/A;N/A;N/A;N/A;N/A;N/A;N/A;N/A;N/A;N/A;N/A;N/A;N/A;N/A;N/A;"97 hp";N/A;N/A;N/A;N/A;N/A;No;N/A;N/A;N/A;N/A;N/A;N/A;N/A;N/A;N/A;N/A;N/A;N/A;N/A;N/A;N/A;N/A;2;1.2;Nafta;Manual;FurgÛn;"Autos y camionetas";N/A;N/A;N/A;N/A;N/A;N/A;UY;N/A;N/A;N/A;N/A;N/A;N/A;N/A;N/A;N/A;N/A;N/A;N/A;N/A;N/A;N/A;N/A;N/A;N/A;N/A;N/A;N/A;N/A;N/A;N/A;N/A;N/A;N/A;N/A;N/A;N/A;N/A;N/A;N/A;N/A;N/A;N/A;N/A;N/A;N/A;N/A;N/A;N/A;N/A;N/A;N/A;N/A;N/A;N/A;N/A;N/A;N/A;N/A;N/A;N/A;N/A;N/A;N/A;N/A;N/A;N/A;N/A;N/A;N/A;N/A;N/A;N/A;N/A;N/A;N/A;N/A;N/A;N/A;N/A;N/A;N/A;N/A;N/A;N/A;N/A;N/A;N/A;N/A;N/A;N/A;N/A;N/A;N/A;N/A;N/A;N/A;N/A;N/A;N/A;N/A;N/A;N/A;N/A;N/A;N/A;N/A;N/A;N/A;N/A;N/A;N/A;N/A;N/A;N/A;N/A;N/A;N/A;N/A;N/A;N/A;N/A
Chana;"Pick Up";"2100 y 48x$6200";2014;"124000 km";;"VIPERCAR AUTOMOVILES_4";8500;;;;;"Brazo Oriental";https://auto.mercadolibre.com.uy/MLU-696426100-chana-pick-up-2100-y-48x6200-13-2014-buen-estado-_JM;N/A;;"Chana Pick Up 2100 Y 48x$6200 1.3 2014 Buen Estado!";USD;SÌ;gold_premium;false;N/A;N/A;http://perfil.mercadolibre.com.uy/VIPERCAR+AUTOMOVILES_4;active;N/A;N/A;Usado;Blanco;N/A;Mec·nica;N/A;N/A;N/A;N/A;N/A;N/A;N/A;N/A;N/A;N/A;N/A;N/A;N/A;N/A;N/A;N/A;N/A;N/A;N/A;N/A;N/A;N/A;N/A;N/A;N/A;N/A;N/A;"1300 cc";N/A;5;N/A;N/A;N/A;N/A;N/A;N/A;N/A;N/A;N/A;N/A;N/A;N/A;N/A;N/A;N/A;N/A;N/A;N/A;N/A;N/A;N/A;N/A;N/A;N/A;N/A;N/A;N/A;N/A;N/A;N/A;N/A;N/A;N/A;N/A;N/A;N/A;N/A;N/A;N/A;N/A;N/A;N/A;N/A;N/A;N/A;N/A;N/A;N/A;N/A;N/A;N/A;N/A;N/A;N/A;N/A;N/A;N/A;N/A;N/A;N/A;N/A;N/A;N/A;N/A;N/A;N/A;N/A;N/A;N/A;N/A;N/A;N/A;N/A;N/A;"Lun a Vie de 9 a 12:30 y de 13:30 a 19. S·b de 9 a 13 hs.";2;1.3;Nafta;Manual;Pick-Up;"Autos y camionetas";No;N/A;N/A;N/A;No;N/A;N/A;No;SÌ;No;No;N/A;N/A;N/A;N/A;N/A;N/A;N/A;N/A;N/A;N/A;N/A;N/A;N/A;N/A;N/A;N/A;N/A;N/A;N/A;N/A;N/A;N/A;N/A;N/A;N/A;N/A;N/A;N/A;N/A;N/A;N/A;N/A;N/A;N/A;N/A;N/A;N/A;N/A;N/A;N/A;N/A;N/A;N/A;N/A;N/A;N/A;N/A;N/A;N/A;N/A;N/A;No;N/A;N/A;N/A;N/A;N/A;N/A;N/A;N/A;N/A;N/A;N/A;N/A;N/A;N/A;N/A;N/A;N/A;N/A;N/A;N/A;N/A;N/A;N/A;N/A;N/A;N/A;N/A;N/A;N/A;N/A;N/A;N/A;N/A;N/A;N/A;N/A;N/A;N/A;N/A;N/A;N/A;N/A;N/A;N/A;N/A;N/A;N/A;N/A;N/A;N/A;N/A;N/A;N/A;N/A;N/A;N/A;N/A;N/A;N/A
Chana;Benni;Full;2016;"66000 km";;DEAVILAGABRIELA;6900;;;;;"La Blanqueada";https://auto.mercadolibre.com.uy/MLU-699560470-chana-benny-2016-full-nuevo-66000km-us-3750y-cedula-permuto-_JM;N/A;;"Chana Benny 2016 Full Nuevo 66000km U$s 3750y Cedula Permuto";usd;SÌ;gold_premium;false;N/A;N/A;http://perfil.mercadolibre.com.uy/DEAVILAGABRIELA;active;N/A;N/A;Usado;Amarillo;SÌ;Hidr·ulica;Delantera;SÌ;N/A;N/A;N/A;N/A;N/A;N/A;N/A;N/A;N/A;N/A;N/A;N/A;N/A;N/A;N/A;N/A;N/A;N/A;N/A;N/A;N/A;N/A;N/A;N/A;N/A;"1 L";N/A;N/A;N/A;N/A;N/A;N/A;N/A;N/A;N/A;N/A;N/A;N/A;N/A;N/A;N/A;N/A;N/A;N/A;N/A;N/A;N/A;N/A;N/A;N/A;N/A;N/A;N/A;N/A;N/A;N/A;N/A;N/A;N/A;N/A;N/A;N/A;N/A;N/A;N/A;N/A;N/A;N/A;N/A;N/A;N/A;N/A;N/A;N/A;N/A;N/A;N/A;N/A;N/A;N/A;"68 hp";Full;N/A;N/A;N/A;N/A;N/A;N/A;N/A;N/A;N/A;N/A;N/A;N/A;N/A;N/A;N/A;N/A;N/A;N/A;N/A;N/A;"24 HORAS";5;1000;Nafta;Manual;Hatchback;"Autos y camionetas";N/A;N/A;N/A;N/A;N/A;N/A;UY;N/A;N/A;N/A;N/A;N/A;N/A;N/A;N/A;N/A;N/A;N/A;N/A;N/A;N/A;N/A;N/A;N/A;N/A;N/A;N/A;N/A;N/A;N/A;N/A;N/A;N/A;N/A;N/A;N/A;N/A;N/A;N/A;N/A;N/A;N/A;N/A;N/A;N/A;N/A;N/A;N/A;N/A;N/A;N/A;N/A;N/A;N/A;N/A;N/A;N/A;N/A;N/A;N/A;N/A;N/A;N/A;N/A;N/A;N/A;N/A;N/A;N/A;N/A;N/A;N/A;N/A;N/A;N/A;N/A;N/A;N/A;N/A;N/A;N/A;N/A;N/A;N/A;N/A;N/A;N/A;N/A;N/A;N/A;N/A;N/A;N/A;N/A;N/A;N/A;SÌ;N/A;SÌ;N/A;N/A;N/A;N/A;SÌ;N/A;SÌ;N/A;N/A;N/A;N/A;N/A;N/A;N/A;N/A;N/A;N/A;N/A;N/A;N/A;N/A;N/A;N/A
Chana;Benni;"1.0 Full Manual";2015;"100000 km";;MARGATALA;6900;;;;;Buceo;https://auto.mercadolibre.com.uy/MLU-700019108-chana-benni-10-full-manual-_JM;N/A;;"Chana Benni 1.0 Full Manual";usd;SÌ;gold_premium;false;N/A;N/A;http://perfil.mercadolibre.com.uy/MARGATALA;active;N/A;N/A;Usado;Gris;N/A;Hidr·ulica;Delantera;SÌ;SÌ;N/A;N/A;N/A;SÌ;N/A;N/A;N/A;N/A;N/A;N/A;SÌ;N/A;SÌ;N/A;N/A;N/A;N/A;N/A;N/A;N/A;N/A;N/A;N/A;N/A;"1 L";N/A;N/A;N/A;N/A;N/A;N/A;N/A;N/A;N/A;N/A;N/A;N/A;N/A;N/A;N/A;N/A;N/A;N/A;N/A;N/A;N/A;N/A;N/A;N/A;N/A;N/A;N/A;N/A;N/A;N/A;N/A;N/A;N/A;N/A;N/A;N/A;N/A;N/A;N/A;N/A;N/A;N/A;N/A;N/A;N/A;N/A;N/A;N/A;N/A;N/A;N/A;N/A;N/A;N/A;"68 hp";Full;N/A;N/A;N/A;N/A;N/A;N/A;N/A;SÌ;N/A;SÌ;SÌ;N/A;N/A;N/A;N/A;N/A;N/A;N/A;N/A;N/A;N/A;5;1.0;Nafta;Manual;Hatchback;"Autos y camionetas";N/A;N/A;N/A;N/A;N/A;N/A;UY;N/A;N/A;N/A;N/A;N/A;N/A;N/A;N/A;N/A;N/A;N/A;N/A;N/A;N/A;N/A;N/A;N/A;N/A;N/A;N/A;N/A;N/A;N/A;N/A;N/A;N/A;N/A;N/A;N/A;N/A;N/A;N/A;N/A;N/A;N/A;N/A;N/A;N/A;N/A;N/A;N/A;N/A;N/A;N/A;N/A;N/A;N/A;N/A;N/A;N/A;N/A;N/A;N/A;N/A;N/A;N/A;N/A;N/A;N/A;N/A;N/A;N/A;N/A;N/A;N/A;N/A;N/A;N/A;N/A;N/A;N/A;N/A;N/A;N/A;N/A;N/A;N/A;N/A;N/A;N/A;N/A;N/A;N/A;N/A;N/A;N/A;N/A;N/A;N/A;SÌ;SÌ;SÌ;N/A;N/A;N/A;N/A;SÌ;N/A;SÌ;N/A;SÌ;SÌ;N/A;N/A;N/A;N/A;SÌ;N/A;N/A;N/A;N/A;N/A;N/A;N/A;N/A
Chana;Star;"1.2 Md201 Pickup Cab Simple";2018;"66976 km";;PELUSSOBRAULIO;8600;;;;;Florida;https://auto.mercadolibre.com.uy/MLU-699259220-chana-star-2018-12-md201-pickup-cab-simple-_JM;N/A;;"Chana Star 2018 1.2 Md201 Pickup Cab Simple";usd;SÌ;gold_premium;false;N/A;N/A;http://perfil.mercadolibre.com.uy/PELUSSOBRAULIO;active;N/A;N/A;Usado;N/A;N/A;Hidr·ulica;Trasera;SÌ;N/A;N/A;N/A;N/A;N/A;N/A;N/A;N/A;N/A;N/A;N/A;N/A;N/A;N/A;N/A;N/A;N/A;N/A;N/A;N/A;N/A;N/A;N/A;4;N/A;"1.2 L";N/A;5;N/A;N/A;N/A;N/A;N/A;N/A;N/A;N/A;N/A;N/A;N/A;N/A;N/A;N/A;N/A;N/A;N/A;N/A;N/A;N/A;N/A;N/A;N/A;N/A;N/A;N/A;N/A;N/A;N/A;N/A;N/A;N/A;N/A;N/A;N/A;N/A;N/A;N/A;N/A;N/A;N/A;N/A;N/A;N/A;N/A;N/A;N/A;N/A;N/A;N/A;N/A;N/A;"97 hp";N/A;N/A;N/A;N/A;N/A;N/A;N/A;N/A;N/A;N/A;N/A;N/A;N/A;N/A;N/A;N/A;N/A;N/A;N/A;N/A;N/A;N/A;2;1.2;Nafta;Manual;Pick-Up;"Autos y camionetas";N/A;N/A;N/A;N/A;N/A;N/A;UY;N/A;N/A;N/A;N/A;N/A;N/A;N/A;N/A;N/A;N/A;N/A;N/A;N/A;N/A;N/A;N/A;N/A;N/A;N/A;N/A;N/A;N/A;N/A;N/A;N/A;N/A;N/A;N/A;N/A;N/A;N/A;N/A;N/A;N/A;N/A;N/A;N/A;N/A;N/A;N/A;N/A;N/A;N/A;N/A;N/A;N/A;N/A;N/A;N/A;N/A;N/A;N/A;N/A;N/A;N/A;N/A;N/A;N/A;N/A;N/A;N/A;N/A;N/A;N/A;N/A;N/A;N/A;N/A;N/A;N/A;N/A;N/A;N/A;N/A;N/A;N/A;N/A;N/A;N/A;N/A;N/A;N/A;N/A;N/A;N/A;N/A;N/A;N/A;N/A;N/A;N/A;N/A;N/A;N/A;N/A;N/A;N/A;N/A;N/A;N/A;N/A;N/A;N/A;N/A;N/A;N/A;N/A;N/A;N/A;N/A;N/A;N/A;N/A;N/A;N/A
Chana;"CS 15";"blue Core";2020;"63000 km";;AEROCAR2020;15990;;;;;"Barra de Carrasco";https://auto.mercadolibre.com.uy/MLU-689976880-chana-cs15-blue-core-15-2020-impecable-aerocar-_JM;N/A;;"Chana Cs15 Blue Core 1.5 2020 Impecable! Aerocar";USD;SÌ;gold;false;N/A;N/A;http://perfil.mercadolibre.com.uy/AEROCAR2020;active;N/A;N/A;Usado;Rojo;SÌ;Hidr·ulica;N/A;SÌ;SÌ;N/A;N/A;N/A;N/A;N/A;N/A;N/A;SÌ;N/A;N/A;SÌ;N/A;N/A;N/A;N/A;N/A;N/A;N/A;N/A;N/A;N/A;N/A;N/A;N/A;"1500 cc";N/A;5;N/A;N/A;SÌ;SÌ;N/A;N/A;N/A;N/A;N/A;N/A;N/A;N/A;N/A;N/A;N/A;N/A;N/A;N/A;N/A;N/A;N/A;N/A;N/A;N/A;N/A;N/A;N/A;N/A;N/A;N/A;N/A;N/A;N/A;N/A;N/A;N/A;N/A;N/A;N/A;N/A;N/A;N/A;N/A;N/A;N/A;N/A;N/A;N/A;N/A;N/A;N/A;N/A;"98 hp";N/A;N/A;N/A;N/A;"13 km/l";N/A;N/A;N/A;N/A;N/A;N/A;N/A;N/A;N/A;N/A;"16 km/l";N/A;N/A;N/A;N/A;N/A;"Lun. a Vie. de 9 a 19 hs. S·b. de 10 a 14 hs.";5;1.5;Nafta;Manual;SUV;"Autos y camionetas";No;N/A;N/A;N/A;No;N/A;N/A;No;SÌ;No;No;N/A;N/A;N/A;N/A;N/A;N/A;N/A;N/A;N/A;N/A;N/A;N/A;N/A;N/A;N/A;N/A;N/A;N/A;N/A;N/A;N/A;N/A;N/A;N/A;N/A;N/A;N/A;N/A;N/A;N/A;N/A;N/A;N/A;N/A;N/A;N/A;N/A;N/A;N/A;N/A;N/A;N/A;N/A;N/A;N/A;N/A;N/A;N/A;N/A;N/A;N/A;No;N/A;N/A;N/A;N/A;N/A;N/A;N/A;N/A;N/A;N/A;N/A;N/A;N/A;N/A;N/A;N/A;N/A;N/A;N/A;N/A;N/A;N/A;N/A;N/A;N/A;N/A;N/A;N/A;N/A;N/A;N/A;N/A;N/A;SÌ;SÌ;SÌ;N/A;SÌ;N/A;SÌ;N/A;SÌ;SÌ;N/A;N/A;N/A;N/A;N/A;N/A;N/A;N/A;SÌ;SÌ;N/A;N/A;SÌ;N/A;N/A;SÌ
Chana;Benni;-;2015;"108000 km";;SOLYCARAUTOMOVILES;7900;;;;;Solymar;https://auto.mercadolibre.com.uy/MLU-688065620-chana-benni-10-2015-muy-buen-estado-solycar-_JM;N/A;;"Chana Benni 1.0 2015 Muy Buen Estado! - Solycar";usd;SÌ;gold;false;N/A;N/A;http://perfil.mercadolibre.com.uy/SOLYCARAUTOMOVILES;active;N/A;N/A;Usado;Negro;SÌ;Hidr·ulica;Delantera;SÌ;SÌ;N/A;N/A;N/A;N/A;SÌ;N/A;N/A;N/A;SÌ;N/A;SÌ;N/A;SÌ;N/A;N/A;N/A;N/A;N/A;N/A;N/A;N/A;N/A;N/A;N/A;"1000 cc";N/A;5;N/A;N/A;N/A;N/A;N/A;N/A;N/A;N/A;N/A;N/A;N/A;N/A;N/A;N/A;N/A;N/A;N/A;N/A;N/A;N/A;N/A;N/A;N/A;N/A;N/A;N/A;N/A;N/A;N/A;N/A;N/A;N/A;N/A;N/A;N/A;N/A;SÌ;N/A;N/A;N/A;N/A;N/A;N/A;N/A;N/A;N/A;N/A;N/A;N/A;N/A;N/A;N/A;"68 hp";N/A;N/A;N/A;N/A;"15 km/l";N/A;N/A;N/A;N/A;N/A;N/A;N/A;SÌ;N/A;N/A;"18 km/l";N/A;N/A;N/A;N/A;SÌ;"Lun. a Vie. de 9:30 a 18:30 hs. S·b. de 9:30 a 14 hs";5;1.0;Nafta;Manual;Hatchback;"Autos y camionetas";No;N/A;N/A;N/A;No;N/A;UY;No;SÌ;No;No;N/A;N/A;N/A;N/A;N/A;N/A;N/A;N/A;N/A;N/A;N/A;N/A;N/A;N/A;N/A;N/A;N/A;N/A;N/A;N/A;N/A;N/A;N/A;N/A;N/A;N/A;N/A;N/A;N/A;N/A;N/A;N/A;N/A;N/A;N/A;N/A;N/A;N/A;N/A;N/A;N/A;N/A;N/A;N/A;N/A;N/A;N/A;N/A;N/A;N/A;N/A;No;N/A;N/A;N/A;N/A;N/A;N/A;N/A;N/A;N/A;N/A;N/A;N/A;N/A;N/A;N/A;N/A;N/A;N/A;N/A;N/A;N/A;N/A;N/A;N/A;N/A;N/A;N/A;N/A;N/A;N/A;N/A;N/A;N/A;SÌ;SÌ;SÌ;N/A;SÌ;N/A;N/A;N/A;SÌ;SÌ;N/A;SÌ;N/A;N/A;N/A;N/A;N/A;N/A;SÌ;SÌ;N/A;SÌ;N/A;SÌ;N/A;SÌ
Chana;SC;Furgon;2020;"65000 km";;KORUCAR_AUTOMOVILES;9990;;;;;UniÛn;https://auto.mercadolibre.com.uy/MLU-688521576-chana-furgon-12-202065-mil-kmud-usd550050en-pesos-_JM;N/A;;"Chana FurgÛn 1.2 2020.65 Mil Km.u/d. Usd5500+50%en Pesos";USD;SÌ;gold;false;N/A;N/A;http://perfil.mercadolibre.com.uy/KORUCAR_AUTOMOVILES;active;N/A;N/A;Usado;Blanco;N/A;Hidr·ulica;Delantera;SÌ;SÌ;N/A;N/A;N/A;N/A;N/A;N/A;N/A;N/A;N/A;N/A;SÌ;N/A;SÌ;N/A;N/A;N/A;N/A;N/A;N/A;N/A;N/A;N/A;N/A;N/A;N/A;N/A;N/A;N/A;N/A;N/A;N/A;N/A;SÌ;N/A;N/A;N/A;N/A;N/A;N/A;N/A;N/A;N/A;N/A;N/A;N/A;N/A;N/A;N/A;N/A;N/A;N/A;N/A;N/A;N/A;N/A;N/A;N/A;N/A;N/A;N/A;N/A;N/A;N/A;N/A;N/A;N/A;N/A;N/A;N/A;N/A;N/A;N/A;N/A;N/A;N/A;N/A;N/A;N/A;N/A;N/A;N/A;N/A;N/A;N/A;N/A;No;N/A;N/A;SÌ;N/A;SÌ;SÌ;N/A;N/A;N/A;N/A;N/A;N/A;N/A;N/A;N/A;"L A V DE 9 A 18";5;1.2;Nafta;Manual;FurgÛn;"Autos y camionetas";N/A;N/A;N/A;N/A;N/A;N/A;N/A;N/A;N/A;N/A;N/A;N/A;N/A;N/A;N/A;N/A;N/A;N/A;N/A;N/A;N/A;N/A;N/A;N/A;N/A;N/A;N/A;N/A;N/A;N/A;N/A;N/A;N/A;N/A;N/A;N/A;N/A;N/A;N/A;N/A;N/A;N/A;N/A;N/A;N/A;N/A;N/A;N/A;N/A;N/A;N/A;N/A;N/A;N/A;N/A;N/A;N/A;N/A;N/A;N/A;N/A;N/A;N/A;N/A;N/A;N/A;N/A;N/A;N/A;N/A;N/A;N/A;N/A;N/A;N/A;N/A;N/A;N/A;N/A;N/A;N/A;N/A;N/A;N/A;N/A;N/A;N/A;N/A;N/A;N/A;N/A;N/A;N/A;N/A;N/A;N/A;SÌ;SÌ;N/A;N/A;SÌ;N/A;N/A;N/A;N/A;SÌ;N/A;SÌ;SÌ;N/A;N/A;N/A;N/A;N/A;N/A;N/A;N/A;N/A;N/A;N/A;N/A;N/A
Chana;Star;"Doble Cabina";2024;"0 km";;SOLYCARAUTOMOVILES;14490;;;;;Solymar;https://auto.mercadolibre.com.uy/MLU-692749348-chana-star-doble-cabina-12-2024-0km-solycar-_JM;N/A;;"Chana Star Doble Cabina 1.2 2024 0km - Solycar";USD;SÌ;gold;false;N/A;N/A;http://perfil.mercadolibre.com.uy/SOLYCARAUTOMOVILES;active;N/A;N/A;Nuevo;Blanco;N/A;Mec·nica;Trasera;SÌ;N/A;N/A;N/A;N/A;N/A;SÌ;N/A;N/A;N/A;SÌ;N/A;SÌ;N/A;N/A;N/A;N/A;N/A;N/A;N/A;N/A;N/A;N/A;N/A;N/A;N/A;"1200 cc";N/A;N/A;N/A;N/A;N/A;N/A;N/A;N/A;N/A;N/A;N/A;N/A;N/A;N/A;N/A;N/A;N/A;N/A;N/A;N/A;N/A;N/A;N/A;N/A;N/A;N/A;N/A;N/A;N/A;N/A;N/A;N/A;N/A;N/A;N/A;N/A;N/A;N/A;N/A;N/A;N/A;N/A;N/A;N/A;N/A;N/A;N/A;N/A;N/A;N/A;N/A;N/A;N/A;N/A;N/A;N/A;N/A;N/A;N/A;N/A;N/A;N/A;N/A;N/A;N/A;N/A;N/A;N/A;N/A;N/A;N/A;N/A;N/A;N/A;N/A;N/A;"Lun. a Vie. de 9:30 a 18:30 hs. S·b. de 9:30 a 14 hs";4;1.2;Nafta;Manual;Pick-Up;"Autos y camionetas";No;N/A;N/A;N/A;No;N/A;N/A;No;SÌ;No;No;N/A;N/A;N/A;N/A;N/A;N/A;N/A;N/A;N/A;N/A;N/A;N/A;N/A;N/A;N/A;N/A;N/A;N/A;N/A;N/A;N/A;N/A;N/A;N/A;N/A;N/A;N/A;N/A;N/A;N/A;N/A;N/A;SÌ;N/A;N/A;N/A;N/A;N/A;N/A;N/A;N/A;N/A;N/A;N/A;N/A;N/A;N/A;N/A;N/A;N/A;SÌ;No;N/A;N/A;N/A;N/A;N/A;N/A;N/A;N/A;N/A;N/A;N/A;N/A;N/A;N/A;N/A;N/A;N/A;N/A;N/A;N/A;N/A;N/A;N/A;N/A;N/A;N/A;N/A;N/A;N/A;N/A;N/A;N/A;N/A;SÌ;N/A;N/A;N/A;SÌ;SÌ;N/A;N/A;SÌ;SÌ;N/A;SÌ;N/A;N/A;N/A;N/A;N/A;N/A;SÌ;SÌ;N/A;N/A;N/A;SÌ;N/A;SÌ
Chana;Box;"CHANA BOX";2024;"0 km";;SOLYCARAUTOMOVILES;14990;;;;;Solymar;https://auto.mercadolibre.com.uy/MLU-665340130-chana-box-chana-box-12-2024-0km-solycar-_JM;N/A;;"Chana Box Chana Box 1.2 2024 0km - Solycar";usd;SÌ;gold;false;N/A;N/A;http://perfil.mercadolibre.com.uy/SOLYCARAUTOMOVILES;active;No;N/A;Nuevo;Blanco;No;Mec·nica;Trasera;N/A;N/A;N/A;N/A;N/A;N/A;N/A;N/A;N/A;N/A;N/A;N/A;N/A;N/A;N/A;N/A;N/A;N/A;N/A;N/A;N/A;N/A;N/A;N/A;N/A;N/A;"1200 cc";N/A;5;N/A;N/A;N/A;N/A;N/A;N/A;N/A;N/A;N/A;N/A;N/A;N/A;N/A;N/A;N/A;N/A;N/A;N/A;N/A;N/A;N/A;N/A;N/A;N/A;N/A;N/A;N/A;N/A;No;N/A;No;N/A;N/A;N/A;N/A;N/A;N/A;N/A;N/A;N/A;N/A;N/A;N/A;No;N/A;N/A;N/A;N/A;N/A;N/A;N/A;N/A;N/A;N/A;N/A;N/A;N/A;N/A;N/A;N/A;N/A;N/A;N/A;N/A;N/A;N/A;N/A;N/A;N/A;N/A;N/A;N/A;N/A;N/A;"Lun. a Vie. de 9:30 a 18:30 hs. S·b. de 9:30 a 14 hs";2;1.2;Nafta;Manual;FurgÛn;"Autos y camionetas";No;No;No;No;No;No;UY;No;SÌ;No;No;No;No;No;No;No;No;No;No;No;No;N/A;No;No;N/A;No;No;No;No;No;No;No;N/A;No;No;N/A;No;No;No;No;No;No;No;SÌ;No;No;No;No;No;No;No;No;No;N/A;No;No;No;N/A;N/A;No;No;SÌ;No;N/A;N/A;No;No;No;No;No;N/A;No;No;No;No;No;No;No;No;No;No;No;N/A;No;No;No;No;No;No;No;No;N/A;N/A;No;No;N/A;SÌ;N/A;N/A;N/A;SÌ;N/A;N/A;N/A;SÌ;SÌ;N/A;N/A;N/A;N/A;N/A;N/A;N/A;N/A;SÌ;SÌ;N/A;N/A;N/A;N/A;N/A;N/A
Chana;SC;"1.3 5028";2014;"102000 km";;JCDRACING;5800;;;;;"Brazo Oriental";https://auto.mercadolibre.com.uy/MLU-700747712-chana-sc-2014-13-5028-_JM;N/A;;"Chana Sc 2014 1.3 5028";usd;SÌ;gold;false;N/A;N/A;http://perfil.mercadolibre.com.uy/JCDRACING;active;N/A;N/A;Usado;N/A;N/A;Hidr·ulica;Delantera;N/A;N/A;N/A;N/A;N/A;N/A;N/A;N/A;N/A;N/A;N/A;N/A;N/A;N/A;N/A;N/A;N/A;N/A;N/A;N/A;N/A;N/A;N/A;N/A;N/A;N/A;"1.3 L";N/A;N/A;N/A;N/A;N/A;N/A;N/A;N/A;N/A;N/A;N/A;N/A;N/A;N/A;N/A;N/A;N/A;N/A;N/A;N/A;N/A;N/A;N/A;N/A;N/A;N/A;N/A;N/A;N/A;N/A;N/A;N/A;N/A;N/A;N/A;N/A;N/A;N/A;N/A;N/A;N/A;N/A;N/A;N/A;N/A;N/A;N/A;N/A;N/A;N/A;N/A;N/A;N/A;N/A;N/A;5028;N/A;N/A;N/A;N/A;N/A;N/A;N/A;N/A;N/A;N/A;N/A;N/A;N/A;N/A;N/A;N/A;N/A;N/A;N/A;N/A;N/A;2;1.3;Nafta;Manual;N/A;"Autos y camionetas";N/A;N/A;N/A;N/A;N/A;N/A;UY;N/A;N/A;N/A;N/A;N/A;N/A;N/A;N/A;N/A;N/A;N/A;N/A;N/A;N/A;N/A;N/A;N/A;N/A;N/A;N/A;N/A;N/A;N/A;N/A;N/A;N/A;N/A;N/A;N/A;N/A;N/A;N/A;N/A;N/A;N/A;N/A;N/A;N/A;N/A;N/A;N/A;N/A;N/A;N/A;N/A;N/A;N/A;N/A;N/A;N/A;N/A;N/A;N/A;N/A;N/A;N/A;N/A;N/A;N/A;N/A;N/A;N/A;N/A;N/A;N/A;N/A;N/A;N/A;N/A;N/A;N/A;N/A;N/A;N/A;N/A;N/A;N/A;N/A;N/A;N/A;N/A;N/A;N/A;N/A;N/A;N/A;N/A;N/A;N/A;N/A;N/A;N/A;N/A;N/A;N/A;N/A;N/A;N/A;N/A;N/A;N/A;N/A;N/A;N/A;N/A;N/A;N/A;N/A;N/A;N/A;N/A;N/A;N/A;N/A;N/A
Chana;SC;1.5;2019;"88000 km";;JACKSON1324;8990;;;;;CordÛn;https://auto.mercadolibre.com.uy/MLU-692761596-chana-cs15-2019-impecable-estado--_JM;N/A;;"Chana Cs15 2019 Impecable Estado !";USD;SÌ;gold;false;N/A;N/A;http://perfil.mercadolibre.com.uy/JACKSON1324;active;N/A;N/A;Usado;Blanco;N/A;N/A;N/A;N/A;N/A;N/A;N/A;N/A;N/A;N/A;N/A;N/A;N/A;N/A;N/A;N/A;N/A;N/A;N/A;N/A;N/A;N/A;N/A;N/A;N/A;N/A;N/A;N/A;N/A;N/A;N/A;N/A;N/A;N/A;N/A;N/A;N/A;N/A;N/A;N/A;N/A;N/A;N/A;N/A;N/A;N/A;N/A;N/A;N/A;N/A;N/A;N/A;N/A;N/A;N/A;N/A;N/A;N/A;N/A;N/A;N/A;N/A;N/A;N/A;N/A;N/A;N/A;N/A;N/A;N/A;N/A;N/A;N/A;N/A;N/A;N/A;N/A;N/A;N/A;N/A;N/A;N/A;N/A;N/A;N/A;N/A;N/A;N/A;N/A;N/A;N/A;N/A;N/A;N/A;N/A;N/A;N/A;N/A;N/A;N/A;N/A;N/A;N/A;N/A;N/A;N/A;"TODOS LOS DIAS";4;1.5;Nafta;N/A;N/A;"Autos y camionetas";N/A;N/A;N/A;N/A;N/A;N/A;N/A;N/A;N/A;N/A;N/A;N/A;N/A;N/A;N/A;N/A;N/A;N/A;N/A;N/A;N/A;N/A;N/A;N/A;N/A;N/A;N/A;N/A;N/A;N/A;N/A;N/A;N/A;N/A;N/A;N/A;N/A;N/A;N/A;N/A;N/A;N/A;N/A;N/A;N/A;N/A;N/A;N/A;N/A;N/A;N/A;N/A;N/A;N/A;N/A;N/A;N/A;N/A;N/A;N/A;N/A;N/A;N/A;N/A;N/A;N/A;N/A;N/A;N/A;N/A;N/A;N/A;N/A;N/A;N/A;N/A;N/A;N/A;N/A;N/A;N/A;N/A;N/A;N/A;N/A;N/A;N/A;N/A;N/A;N/A;N/A;N/A;N/A;N/A;N/A;N/A;N/A;N/A;N/A;N/A;N/A;N/A;N/A;N/A;N/A;N/A;N/A;N/A;N/A;N/A;N/A;N/A;N/A;N/A;N/A;N/A;N/A;N/A;N/A;N/A;N/A;N/A
Chana;Star;"1.2 Ms201 Pickup Cab Doble";2019;"65000 km";;MAJU5613878;9900;;;;;Cerrito;https://auto.mercadolibre.com.uy/MLU-702067338-chana-star-12-ms201-pickup-cab-doble-_JM;N/A;;"Chana Star 1.2 Ms201 Pickup Cab Doble";usd;SÌ;gold;false;N/A;N/A;http://perfil.mercadolibre.com.uy/MAJU5613878;active;N/A;N/A;Usado;Blanco;SÌ;Asistida;Trasera;SÌ;N/A;N/A;N/A;N/A;N/A;N/A;N/A;N/A;N/A;N/A;N/A;N/A;N/A;N/A;N/A;N/A;N/A;N/A;N/A;N/A;N/A;N/A;N/A;N/A;"2900 mm";"1.2 L";"40 L";5;N/A;N/A;N/A;N/A;N/A;N/A;N/A;N/A;N/A;N/A;N/A;N/A;N/A;N/A;N/A;N/A;N/A;N/A;N/A;N/A;N/A;N/A;N/A;N/A;N/A;N/A;N/A;N/A;N/A;N/A;N/A;N/A;N/A;N/A;N/A;N/A;N/A;N/A;N/A;N/A;N/A;N/A;N/A;N/A;N/A;"1870 mm";"4564 mm";N/A;N/A;N/A;N/A;4;"97 hp";N/A;N/A;4;"1645 mm";N/A;N/A;N/A;N/A;N/A;N/A;N/A;N/A;N/A;N/A;N/A;N/A;N/A;N/A;N/A;N/A;N/A;"Todo el dÌa";4;1.2;Nafta;Manual;Pick-Up;"Autos y camionetas";N/A;N/A;N/A;N/A;N/A;N/A;UY;N/A;N/A;N/A;N/A;N/A;N/A;N/A;N/A;N/A;N/A;N/A;N/A;N/A;N/A;N/A;N/A;N/A;N/A;N/A;N/A;N/A;N/A;N/A;N/A;N/A;N/A;N/A;N/A;N/A;N/A;N/A;N/A;N/A;N/A;N/A;N/A;N/A;N/A;N/A;N/A;N/A;N/A;N/A;N/A;N/A;N/A;N/A;N/A;N/A;N/A;N/A;N/A;N/A;N/A;N/A;N/A;N/A;N/A;N/A;N/A;N/A;N/A;N/A;N/A;N/A;N/A;N/A;N/A;N/A;N/A;N/A;N/A;N/A;N/A;N/A;N/A;N/A;N/A;N/A;N/A;N/A;N/A;N/A;N/A;N/A;N/A;N/A;N/A;N/A;N/A;N/A;N/A;N/A;N/A;N/A;N/A;N/A;N/A;N/A;N/A;N/A;N/A;N/A;N/A;N/A;N/A;N/A;N/A;N/A;N/A;N/A;N/A;N/A;N/A;N/A
Chana;"CS 35";"Extra Full";2015;"99000 km";;AEROCAR2020;12990;;;;;"Barra de Carrasco";https://auto.mercadolibre.com.uy/MLU-700627488-chana-cs35-extra-full-16-2015-impecable-aerocar-_JM;N/A;;"Chana Cs35 Extra Full 1.6 2015 Impecable! Aerocar";usd;SÌ;silver;false;N/A;N/A;http://perfil.mercadolibre.com.uy/AEROCAR2020;active;N/A;N/A;Usado;Plateado;SÌ;Hidr·ulica;N/A;SÌ;N/A;SÌ;N/A;N/A;N/A;SÌ;N/A;SÌ;N/A;SÌ;SÌ;SÌ;N/A;N/A;N/A;N/A;N/A;N/A;N/A;N/A;N/A;N/A;N/A;N/A;N/A;"1600 cc";N/A;5;N/A;N/A;N/A;N/A;N/A;N/A;N/A;N/A;N/A;N/A;N/A;N/A;N/A;N/A;N/A;N/A;N/A;N/A;N/A;N/A;N/A;N/A;N/A;SÌ;N/A;N/A;N/A;N/A;N/A;N/A;N/A;N/A;N/A;N/A;N/A;N/A;N/A;N/A;N/A;N/A;N/A;N/A;N/A;N/A;N/A;N/A;N/A;N/A;N/A;N/A;N/A;N/A;N/A;"Extra Full";N/A;N/A;N/A;N/A;N/A;N/A;N/A;N/A;N/A;N/A;SÌ;N/A;SÌ;N/A;N/A;N/A;N/A;N/A;N/A;N/A;"Lun. a Vie. de 9 a 19 hs. S·b. de 10 a 14 hs.";4;1.6;Nafta;Manual;SUV;"Autos y camionetas";No;N/A;N/A;N/A;No;N/A;UY;No;SÌ;No;No;N/A;N/A;N/A;N/A;N/A;N/A;N/A;N/A;N/A;N/A;N/A;N/A;N/A;N/A;N/A;N/A;N/A;N/A;N/A;N/A;N/A;N/A;N/A;N/A;N/A;N/A;N/A;N/A;N/A;N/A;N/A;N/A;N/A;N/A;N/A;N/A;N/A;N/A;N/A;N/A;N/A;N/A;N/A;N/A;N/A;N/A;N/A;N/A;N/A;N/A;N/A;No;N/A;N/A;N/A;N/A;N/A;N/A;N/A;N/A;N/A;N/A;N/A;N/A;N/A;N/A;N/A;N/A;N/A;N/A;N/A;N/A;N/A;N/A;N/A;N/A;N/A;N/A;N/A;N/A;N/A;N/A;N/A;N/A;N/A;SÌ;N/A;SÌ;N/A;SÌ;N/A;N/A;N/A;SÌ;SÌ;N/A;SÌ;N/A;N/A;N/A;N/A;N/A;N/A;SÌ;N/A;N/A;SÌ;N/A;N/A;N/A;N/A
Chana;SC;Sc;2019;"72500 km";;MACROMOTORS;15900;;;;;Young;https://auto.mercadolibre.com.uy/MLU-644310317-chana-cs15-_JM;N/A;;"Chana Cs15";USD;SÌ;silver;false;N/A;N/A;http://perfil.mercadolibre.com.uy/MACROMOTORS;active;N/A;N/A;Usado;Blanco;SÌ;Asistida;Delantera;SÌ;SÌ;N/A;N/A;N/A;SÌ;N/A;N/A;SÌ;N/A;N/A;SÌ;SÌ;N/A;SÌ;N/A;N/A;N/A;N/A;N/A;N/A;N/A;N/A;N/A;N/A;N/A;N/A;N/A;N/A;N/A;N/A;N/A;N/A;N/A;SÌ;N/A;N/A;N/A;N/A;N/A;N/A;N/A;N/A;N/A;N/A;N/A;N/A;N/A;N/A;N/A;N/A;N/A;N/A;N/A;N/A;N/A;N/A;N/A;No;N/A;N/A;N/A;N/A;N/A;N/A;N/A;N/A;N/A;N/A;N/A;N/A;N/A;N/A;N/A;N/A;N/A;N/A;N/A;N/A;N/A;N/A;N/A;N/A;N/A;N/A;N/A;N/A;SÌ;N/A;SÌ;SÌ;N/A;SÌ;SÌ;N/A;SÌ;N/A;N/A;No;SÌ;N/A;N/A;SÌ;"8.30 a 18.30";5;1.5;Nafta;Autom·tica;Hatchback;"Autos y camionetas";SÌ;N/A;N/A;N/A;No;N/A;N/A;N/A;SÌ;N/A;SÌ;N/A;N/A;N/A;N/A;N/A;N/A;N/A;N/A;N/A;N/A;N/A;N/A;N/A;SÌ;N/A;N/A;N/A;N/A;N/A;N/A;N/A;N/A;N/A;N/A;N/A;N/A;N/A;N/A;N/A;N/A;N/A;N/A;No;N/A;N/A;N/A;N/A;N/A;N/A;N/A;N/A;N/A;N/A;N/A;N/A;N/A;N/A;N/A;N/A;N/A;No;No;N/A;N/A;N/A;N/A;N/A;N/A;N/A;N/A;N/A;N/A;N/A;N/A;N/A;N/A;N/A;N/A;N/A;N/A;N/A;N/A;N/A;N/A;N/A;N/A;N/A;N/A;N/A;N/A;N/A;N/A;N/A;N/A;No;SÌ;SÌ;SÌ;N/A;SÌ;N/A;N/A;N/A;N/A;SÌ;SÌ;SÌ;SÌ;N/A;N/A;SÌ;SÌ;SÌ;SÌ;SÌ;SÌ;SÌ;SÌ;SÌ;N/A;SÌ
Chana;"Pick Up";Standard;2024;"0 km";;SOLYCARAUTOMOVILES;12990;;;;;Solymar;https://auto.mercadolibre.com.uy/MLU-665452728-chana-pick-up-standard-12-2024-0km-solycar-_JM;N/A;;"Chana Pick Up Standard 1.2 2024 0km - Solycar";USD;SÌ;silver;false;N/A;N/A;http://perfil.mercadolibre.com.uy/SOLYCARAUTOMOVILES;active;No;N/A;Nuevo;Plateado;No;Mec·nica;Trasera;SÌ;N/A;N/A;N/A;N/A;N/A;N/A;N/A;N/A;N/A;N/A;N/A;N/A;N/A;N/A;N/A;N/A;N/A;N/A;N/A;N/A;N/A;N/A;N/A;N/A;N/A;"1200 cc";N/A;5;N/A;N/A;N/A;N/A;N/A;N/A;N/A;N/A;N/A;N/A;N/A;N/A;N/A;N/A;N/A;N/A;N/A;N/A;N/A;N/A;N/A;N/A;N/A;N/A;N/A;N/A;N/A;N/A;No;N/A;No;N/A;N/A;N/A;N/A;N/A;N/A;N/A;N/A;N/A;N/A;N/A;N/A;No;N/A;N/A;N/A;N/A;N/A;N/A;N/A;N/A;"97 hp";N/A;N/A;N/A;N/A;N/A;N/A;N/A;N/A;N/A;N/A;N/A;N/A;N/A;N/A;N/A;N/A;N/A;N/A;N/A;N/A;N/A;"Lun. a Vie. de 9:30 a 18:30 hs. S·b. de 9:30 a 14 hs";2;1.2;Nafta;Manual;Pick-Up;"Autos y camionetas";No;No;No;No;No;No;N/A;No;SÌ;No;No;No;No;No;No;No;No;No;No;No;No;N/A;No;No;N/A;No;No;No;No;No;No;No;N/A;No;No;N/A;No;No;No;No;No;No;No;SÌ;No;No;No;No;No;No;No;No;No;N/A;No;No;No;N/A;N/A;No;No;SÌ;No;N/A;N/A;No;No;No;No;No;N/A;No;No;No;No;No;No;No;No;No;No;No;N/A;No;No;No;No;No;No;No;No;N/A;N/A;No;No;N/A;SÌ;N/A;N/A;N/A;SÌ;N/A;N/A;N/A;SÌ;SÌ;N/A;N/A;N/A;N/A;N/A;N/A;N/A;N/A;SÌ;SÌ;N/A;N/A;N/A;SÌ;N/A;SÌ
Chana;Star;"1.2 Md201 Pickup Cab Simple";2023;"0 km";;WOHLERAUTOMOVILES;10648;;;;;Florida;https://auto.mercadolibre.com.uy/MLU-645415605-changan-star-pick-up-full-0km-entrega-inmediata-_JM;N/A;;"Changan Star Pick Up Full 0km Entrega Inmediata!!!";usd;SÌ;silver;false;N/A;N/A;http://perfil.mercadolibre.com.uy/WOHLERAUTOMOVILES;active;N/A;N/A;Nuevo;Blanco;N/A;N/A;Trasera;SÌ;No;N/A;N/A;N/A;SÌ;N/A;N/A;No;N/A;N/A;No;SÌ;N/A;No;N/A;N/A;N/A;N/A;N/A;N/A;N/A;N/A;N/A;4;N/A;"1.2 L";N/A;5;N/A;N/A;N/A;N/A;N/A;No;N/A;N/A;N/A;N/A;N/A;N/A;N/A;N/A;N/A;N/A;N/A;N/A;N/A;N/A;N/A;N/A;N/A;N/A;N/A;N/A;N/A;N/A;N/A;No;N/A;N/A;N/A;N/A;N/A;N/A;N/A;N/A;N/A;N/A;N/A;N/A;N/A;N/A;N/A;N/A;N/A;N/A;N/A;N/A;N/A;N/A;"97 hp";N/A;N/A;N/A;N/A;N/A;No;N/A;No;SÌ;N/A;No;No;N/A;No;N/A;N/A;No;SÌ;N/A;N/A;No;N/A;2;1.2;Nafta;Manual;Pick-Up;"Autos y camionetas";SÌ;N/A;N/A;N/A;No;N/A;UY;N/A;SÌ;N/A;No;N/A;N/A;N/A;N/A;N/A;N/A;N/A;N/A;N/A;N/A;N/A;N/A;N/A;No;N/A;N/A;N/A;N/A;N/A;N/A;N/A;N/A;N/A;N/A;N/A;N/A;N/A;N/A;N/A;N/A;N/A;N/A;SÌ;N/A;N/A;N/A;N/A;N/A;N/A;N/A;N/A;N/A;N/A;N/A;N/A;N/A;N/A;N/A;N/A;N/A;SÌ;No;N/A;N/A;N/A;N/A;N/A;N/A;N/A;N/A;N/A;N/A;N/A;N/A;N/A;N/A;N/A;N/A;N/A;N/A;N/A;N/A;N/A;N/A;N/A;N/A;N/A;N/A;N/A;N/A;N/A;N/A;N/A;N/A;No;SÌ;No;No;N/A;SÌ;N/A;N/A;N/A;N/A;SÌ;No;SÌ;No;N/A;N/A;No;No;No;SÌ;SÌ;No;No;No;No;N/A;No
Chana;Star;Standard;2024;"0 km";;SOLYCARAUTOMOVILES;13990;;;;;Solymar;https://auto.mercadolibre.com.uy/MLU-665414070-chana-star-standard-12-2024-0km-solycar-_JM;N/A;;"Chana Star Standard 1.2 2024 0km - Solycar";USD;SÌ;silver;false;N/A;N/A;http://perfil.mercadolibre.com.uy/SOLYCARAUTOMOVILES;active;No;N/A;Nuevo;Blanco;No;Mec·nica;Trasera;N/A;N/A;N/A;N/A;N/A;N/A;N/A;N/A;N/A;N/A;SÌ;N/A;N/A;N/A;N/A;N/A;N/A;N/A;N/A;N/A;N/A;N/A;N/A;N/A;N/A;N/A;"1200 cc";N/A;5;N/A;N/A;N/A;N/A;N/A;N/A;N/A;N/A;N/A;N/A;N/A;N/A;N/A;N/A;N/A;N/A;N/A;N/A;N/A;N/A;N/A;N/A;N/A;N/A;N/A;N/A;N/A;N/A;No;N/A;No;N/A;N/A;N/A;N/A;N/A;N/A;N/A;N/A;N/A;N/A;N/A;N/A;No;N/A;N/A;N/A;N/A;N/A;N/A;N/A;N/A;"97 hp";N/A;N/A;N/A;N/A;N/A;N/A;N/A;N/A;N/A;N/A;N/A;N/A;N/A;N/A;N/A;N/A;N/A;N/A;N/A;N/A;N/A;"Lun. a Vie. de 9:30 a 18:30 hs. S·b. de 9:30 a 14 hs";5;1.2;Nafta;Manual;Pick-Up;"Autos y camionetas";No;No;No;No;No;No;UY;No;SÌ;No;No;No;No;No;No;No;No;No;No;No;No;N/A;No;No;N/A;No;No;No;No;No;No;No;N/A;No;No;N/A;No;No;No;No;No;No;No;SÌ;No;No;No;No;No;No;No;No;No;N/A;No;No;No;N/A;N/A;No;No;SÌ;No;N/A;N/A;No;No;No;No;No;N/A;No;No;No;No;No;No;No;No;No;No;No;N/A;No;No;No;No;No;No;No;No;N/A;N/A;No;No;N/A;SÌ;N/A;N/A;N/A;SÌ;N/A;N/A;N/A;N/A;SÌ;N/A;N/A;N/A;N/A;N/A;N/A;N/A;N/A;SÌ;SÌ;N/A;N/A;N/A;SÌ;N/A;SÌ
Chana;Benni;-;2015;"97500 km";;SOLYCARAUTOMOVILES;7400;;;;;Solymar;https://auto.mercadolibre.com.uy/MLU-646419143-chana-benni-10-2015-muy-buen-estado-solycar-_JM;N/A;;"Chana Benni 1.0 2015 Muy Buen Estado! - Solycar";usd;SÌ;silver;false;N/A;N/A;http://perfil.mercadolibre.com.uy/SOLYCARAUTOMOVILES;active;N/A;N/A;Usado;Rojo;N/A;ElÈctrica;Delantera;SÌ;SÌ;N/A;N/A;N/A;N/A;SÌ;N/A;N/A;N/A;SÌ;N/A;SÌ;N/A;SÌ;N/A;N/A;N/A;N/A;N/A;N/A;N/A;N/A;N/A;N/A;N/A;"1000 cc";N/A;5;N/A;N/A;N/A;N/A;N/A;N/A;N/A;N/A;N/A;N/A;N/A;N/A;N/A;N/A;N/A;N/A;N/A;N/A;N/A;N/A;N/A;N/A;N/A;N/A;N/A;SÌ;N/A;N/A;N/A;N/A;N/A;N/A;N/A;N/A;N/A;N/A;SÌ;N/A;N/A;N/A;N/A;N/A;N/A;N/A;N/A;N/A;N/A;N/A;N/A;N/A;N/A;N/A;"68 hp";Full;N/A;N/A;N/A;"15 km/l";N/A;N/A;N/A;N/A;N/A;N/A;N/A;SÌ;N/A;N/A;"19 km/l";N/A;N/A;N/A;N/A;SÌ;"Lun. a Vie. de 9:30 a 18:30 hs. S·b. de 9:30 a 14 hs";5;1.0;Nafta;Manual;Hatchback;"Autos y camionetas";No;N/A;N/A;N/A;No;N/A;UY;No;SÌ;No;No;N/A;N/A;N/A;N/A;N/A;N/A;N/A;N/A;N/A;N/A;N/A;N/A;N/A;N/A;N/A;N/A;N/A;N/A;N/A;N/A;N/A;N/A;N/A;N/A;N/A;N/A;N/A;N/A;N/A;N/A;N/A;N/A;N/A;N/A;N/A;N/A;N/A;N/A;N/A;N/A;N/A;N/A;N/A;N/A;N/A;N/A;N/A;N/A;N/A;N/A;N/A;No;N/A;N/A;N/A;N/A;N/A;N/A;N/A;N/A;N/A;N/A;N/A;N/A;N/A;N/A;N/A;N/A;N/A;N/A;N/A;N/A;N/A;N/A;N/A;N/A;N/A;N/A;N/A;N/A;N/A;N/A;N/A;N/A;N/A;SÌ;N/A;SÌ;N/A;SÌ;N/A;N/A;SÌ;SÌ;SÌ;N/A;SÌ;N/A;N/A;N/A;N/A;N/A;N/A;SÌ;SÌ;N/A;N/A;N/A;SÌ;N/A;N/A
Chana;Benni;Full;2016;"119000 km";;AEROCAR2023;7990;;;;;"Barra de Carrasco";https://auto.mercadolibre.com.uy/MLU-644024763-chana-benni-full-10-2016-impecable-aerocar-_JM;N/A;;"Chana Benni Full 1.0 2016 Impecable! Aerocar";usd;SÌ;silver;false;N/A;N/A;http://perfil.mercadolibre.com.uy/AEROCAR2023;active;N/A;N/A;Usado;Blanco;N/A;Hidr·ulica;N/A;SÌ;SÌ;N/A;N/A;N/A;N/A;N/A;N/A;N/A;N/A;N/A;N/A;SÌ;N/A;N/A;N/A;N/A;N/A;N/A;N/A;N/A;N/A;N/A;N/A;N/A;N/A;"1000 cc";N/A;5;N/A;N/A;N/A;N/A;N/A;N/A;N/A;N/A;N/A;N/A;N/A;N/A;N/A;N/A;N/A;N/A;N/A;N/A;N/A;N/A;N/A;N/A;N/A;N/A;N/A;N/A;N/A;N/A;N/A;N/A;N/A;N/A;N/A;N/A;N/A;N/A;N/A;N/A;N/A;N/A;N/A;N/A;N/A;N/A;N/A;N/A;N/A;N/A;N/A;N/A;N/A;N/A;N/A;Full;N/A;N/A;N/A;N/A;N/A;N/A;N/A;SÌ;N/A;N/A;N/A;SÌ;N/A;N/A;N/A;N/A;N/A;N/A;N/A;N/A;"Lun. a Vie. de 9 a 19 hs. S·b. de 10 a 14 hs.";5;1.0;Nafta;Manual;Hatchback;"Autos y camionetas";No;N/A;N/A;N/A;No;N/A;UY;No;SÌ;No;No;N/A;N/A;N/A;N/A;N/A;N/A;N/A;N/A;N/A;N/A;N/A;N/A;N/A;N/A;N/A;N/A;N/A;N/A;N/A;N/A;N/A;N/A;N/A;N/A;N/A;N/A;N/A;N/A;N/A;N/A;N/A;N/A;N/A;N/A;N/A;N/A;N/A;N/A;N/A;N/A;N/A;N/A;N/A;N/A;N/A;N/A;N/A;N/A;N/A;N/A;N/A;No;N/A;N/A;N/A;N/A;N/A;N/A;N/A;N/A;N/A;N/A;N/A;N/A;N/A;N/A;N/A;N/A;N/A;N/A;N/A;N/A;N/A;N/A;N/A;N/A;N/A;N/A;N/A;N/A;N/A;N/A;N/A;N/A;N/A;N/A;N/A;SÌ;N/A;SÌ;N/A;SÌ;N/A;SÌ;SÌ;N/A;N/A;N/A;N/A;N/A;N/A;N/A;N/A;SÌ;N/A;N/A;SÌ;N/A;SÌ;N/A;N/A
Chana;Benni;"1.0 Full Manual";2015;"102942 km";;"RYR AUTOMOVILES";7900;;;;;"San JosÈ de Carrasco";https://auto.mercadolibre.com.uy/MLU-690578138-chana-mini-benni-full-2015-_JM;N/A;;"Chana Mini Benni Full 2015";usd;SÌ;silver;false;N/A;N/A;http://perfil.mercadolibre.com.uy/RYR+AUTOMOVILES;active;N/A;N/A;Usado;Negro;N/A;Hidr·ulica;Delantera;SÌ;N/A;N/A;N/A;N/A;N/A;N/A;N/A;N/A;N/A;N/A;N/A;SÌ;N/A;N/A;N/A;N/A;N/A;N/A;N/A;N/A;N/A;N/A;N/A;N/A;N/A;N/A;N/A;N/A;N/A;N/A;N/A;N/A;N/A;N/A;N/A;N/A;N/A;N/A;N/A;N/A;N/A;N/A;N/A;N/A;N/A;N/A;N/A;N/A;N/A;N/A;N/A;N/A;N/A;N/A;N/A;N/A;N/A;N/A;N/A;N/A;N/A;N/A;N/A;N/A;N/A;N/A;N/A;N/A;N/A;N/A;N/A;N/A;N/A;N/A;N/A;N/A;N/A;N/A;N/A;N/A;"68 hp";Full;N/A;N/A;N/A;N/A;N/A;N/A;N/A;SÌ;N/A;N/A;N/A;N/A;N/A;N/A;N/A;N/A;N/A;N/A;N/A;SÌ;N/A;5;1.0;Nafta;Manual;Hatchback;"Autos y camionetas";N/A;N/A;N/A;N/A;N/A;N/A;UY;N/A;SÌ;N/A;N/A;N/A;N/A;N/A;N/A;N/A;N/A;N/A;N/A;N/A;N/A;N/A;N/A;N/A;N/A;N/A;N/A;N/A;N/A;N/A;N/A;N/A;N/A;N/A;N/A;N/A;N/A;N/A;N/A;N/A;N/A;N/A;N/A;N/A;N/A;N/A;N/A;N/A;N/A;N/A;N/A;N/A;N/A;N/A;N/A;N/A;N/A;N/A;N/A;N/A;N/A;N/A;SÌ;N/A;N/A;N/A;N/A;N/A;N/A;N/A;N/A;N/A;N/A;N/A;N/A;N/A;N/A;N/A;N/A;N/A;N/A;N/A;N/A;N/A;N/A;N/A;N/A;N/A;N/A;N/A;N/A;N/A;N/A;N/A;N/A;N/A;SÌ;N/A;SÌ;N/A;N/A;N/A;N/A;SÌ;N/A;SÌ;N/A;N/A;SÌ;N/A;N/A;N/A;N/A;N/A;SÌ;SÌ;N/A;N/A;N/A;N/A;N/A;N/A
Chana;"Mini Benni";"1.0 Full";2015;"97449 km";;"RYR AUTOMOVILES";7400;;;;;"San JosÈ de Carrasco";https://auto.mercadolibre.com.uy/MLU-698208624-chana-mini-benni-10-full-2015-_JM;N/A;;"Chana Mini Benni 1.0 Full 2015";usd;SÌ;silver;false;N/A;N/A;http://perfil.mercadolibre.com.uy/RYR+AUTOMOVILES;active;N/A;N/A;Usado;Rojo;N/A;Hidr·ulica;Delantera;SÌ;N/A;N/A;N/A;N/A;N/A;N/A;N/A;N/A;N/A;N/A;N/A;SÌ;N/A;SÌ;N/A;N/A;N/A;N/A;N/A;N/A;N/A;N/A;N/A;N/A;N/A;N/A;N/A;N/A;N/A;N/A;N/A;N/A;N/A;N/A;N/A;N/A;N/A;N/A;N/A;N/A;N/A;N/A;N/A;N/A;N/A;N/A;N/A;N/A;N/A;N/A;N/A;N/A;N/A;N/A;N/A;N/A;N/A;N/A;N/A;N/A;N/A;N/A;N/A;N/A;N/A;N/A;N/A;N/A;N/A;N/A;N/A;N/A;N/A;N/A;N/A;N/A;N/A;N/A;N/A;N/A;"68 hp";Full;N/A;N/A;N/A;N/A;N/A;N/A;N/A;SÌ;N/A;N/A;N/A;N/A;N/A;N/A;N/A;N/A;N/A;N/A;N/A;SÌ;N/A;5;1.0;Nafta;Manual;Hatchback;"Autos y camionetas";N/A;N/A;N/A;N/A;N/A;N/A;UY;N/A;SÌ;N/A;N/A;N/A;N/A;N/A;N/A;N/A;N/A;N/A;N/A;N/A;N/A;N/A;N/A;N/A;N/A;N/A;N/A;N/A;N/A;N/A;N/A;N/A;N/A;N/A;N/A;N/A;N/A;N/A;N/A;N/A;N/A;N/A;N/A;N/A;N/A;N/A;N/A;N/A;N/A;N/A;N/A;N/A;N/A;N/A;N/A;N/A;N/A;N/A;N/A;N/A;N/A;N/A;SÌ;N/A;N/A;N/A;N/A;N/A;N/A;N/A;N/A;N/A;N/A;N/A;N/A;N/A;N/A;N/A;N/A;N/A;N/A;N/A;N/A;N/A;N/A;N/A;N/A;N/A;N/A;N/A;N/A;N/A;N/A;N/A;N/A;N/A;SÌ;N/A;SÌ;N/A;N/A;N/A;N/A;SÌ;N/A;SÌ;N/A;N/A;SÌ;N/A;N/A;N/A;N/A;N/A;SÌ;SÌ;N/A;N/A;N/A;N/A;N/A;N/A
Chana;Benni;"Full Automatico";2015;"70000 km";;GRITAUTOMOTORES;7900;;;;;Aguada;https://auto.mercadolibre.com.uy/MLU-701750636-chana-benni-full-automatico-10-2015-impecable-_JM;N/A;;"Chana Benni Full Automatico 1.0 2015 Impecable!";usd;SÌ;silver;false;N/A;N/A;http://perfil.mercadolibre.com.uy/GRITAUTOMOTORES;active;N/A;N/A;Usado;Blanco;N/A;Hidr·ulica;N/A;SÌ;N/A;N/A;N/A;N/A;N/A;SÌ;SÌ;N/A;N/A;SÌ;N/A;SÌ;N/A;SÌ;N/A;N/A;N/A;N/A;N/A;N/A;N/A;N/A;N/A;N/A;N/A;"1000 cc";N/A;5;N/A;N/A;N/A;N/A;N/A;N/A;N/A;N/A;N/A;N/A;N/A;N/A;N/A;N/A;N/A;N/A;N/A;N/A;N/A;N/A;N/A;N/A;N/A;SÌ;N/A;N/A;N/A;N/A;N/A;N/A;N/A;N/A;N/A;N/A;N/A;N/A;N/A;N/A;N/A;N/A;N/A;N/A;N/A;N/A;N/A;N/A;N/A;N/A;N/A;N/A;N/A;N/A;N/A;Full;N/A;N/A;N/A;"13 km/l";N/A;N/A;N/A;SÌ;N/A;N/A;N/A;SÌ;N/A;N/A;"17 km/l";N/A;N/A;N/A;N/A;SÌ;"Lun. a Vie. de 9:30 a 18 hs. S·b. de 9:30 a 14:30 hs";5;1.0;Nafta;Manual;Hatchback;"Autos y camionetas";No;N/A;N/A;N/A;No;N/A;UY;No;SÌ;No;No;N/A;N/A;N/A;N/A;N/A;N/A;N/A;N/A;N/A;N/A;N/A;N/A;N/A;N/A;N/A;N/A;N/A;N/A;N/A;N/A;N/A;N/A;N/A;N/A;N/A;N/A;N/A;N/A;N/A;N/A;N/A;N/A;N/A;N/A;N/A;N/A;N/A;N/A;N/A;N/A;N/A;N/A;N/A;N/A;N/A;N/A;N/A;N/A;N/A;N/A;N/A;No;N/A;N/A;N/A;N/A;N/A;N/A;N/A;N/A;N/A;N/A;N/A;N/A;N/A;N/A;N/A;N/A;N/A;N/A;N/A;N/A;N/A;N/A;N/A;N/A;N/A;N/A;N/A;N/A;N/A;N/A;N/A;N/A;N/A;SÌ;SÌ;SÌ;N/A;SÌ;N/A;SÌ;N/A;SÌ;SÌ;N/A;SÌ;N/A;N/A;N/A;N/A;N/A;N/A;SÌ;SÌ;SÌ;SÌ;N/A;SÌ;SÌ;N/A
Chana;"CS 35";"Extra Full Autom·tica";2014;"130000 km";;AEROCAR2023;14490;;;;;"Barra de Carrasco";https://auto.mercadolibre.com.uy/MLU-690083832-chana-cs35-extra-full-automatica-15-2014-impecable-aerocar-_JM;N/A;;"Chana Cs35 Extra Full Automatica 1.5 2014 Impecable! Aerocar";usd;SÌ;silver;false;N/A;N/A;http://perfil.mercadolibre.com.uy/AEROCAR2023;active;N/A;N/A;Usado;Rojo;N/A;Hidr·ulica;N/A;N/A;SÌ;SÌ;N/A;N/A;N/A;SÌ;SÌ;SÌ;SÌ;SÌ;SÌ;SÌ;N/A;SÌ;N/A;N/A;N/A;N/A;N/A;N/A;N/A;N/A;N/A;N/A;N/A;"1500 cc";N/A;5;N/A;N/A;N/A;N/A;SÌ;SÌ;SÌ;N/A;N/A;N/A;N/A;N/A;N/A;N/A;N/A;N/A;N/A;N/A;N/A;N/A;N/A;N/A;N/A;SÌ;N/A;SÌ;N/A;SÌ;N/A;SÌ;N/A;N/A;N/A;N/A;N/A;N/A;SÌ;N/A;N/A;N/A;N/A;N/A;SÌ;N/A;N/A;N/A;N/A;N/A;N/A;N/A;N/A;N/A;N/A;"Extra Full";N/A;N/A;N/A;"12 km/l";N/A;N/A;SÌ;SÌ;SÌ;SÌ;SÌ;SÌ;SÌ;N/A;"15 km/l";N/A;N/A;N/A;N/A;SÌ;"Lun. a Vie. de 9 a 19 hs. S·b. de 10 a 14 hs.";5;1.5;Nafta;"Autom·tica secuencial";SUV;"Autos y camionetas";No;N/A;N/A;N/A;No;N/A;UY;No;SÌ;No;No;N/A;N/A;N/A;N/A;N/A;N/A;N/A;N/A;N/A;N/A;N/A;N/A;N/A;N/A;N/A;N/A;N/A;N/A;N/A;N/A;N/A;N/A;N/A;N/A;N/A;N/A;N/A;N/A;N/A;N/A;N/A;N/A;N/A;N/A;N/A;N/A;N/A;N/A;N/A;N/A;N/A;N/A;N/A;N/A;N/A;N/A;N/A;N/A;N/A;N/A;N/A;No;N/A;N/A;N/A;N/A;N/A;N/A;N/A;N/A;N/A;N/A;N/A;N/A;N/A;N/A;N/A;N/A;N/A;N/A;N/A;N/A;N/A;N/A;N/A;N/A;N/A;N/A;N/A;N/A;N/A;N/A;N/A;N/A;N/A;SÌ;SÌ;SÌ;N/A;SÌ;SÌ;SÌ;N/A;SÌ;SÌ;SÌ;SÌ;N/A;N/A;SÌ;N/A;N/A;N/A;SÌ;SÌ;SÌ;SÌ;N/A;SÌ;SÌ;SÌ
Chana;Furgon;-;2014;"183500 km";;NACHOMOVILES;4800;;;;;"Paso de Carrasco";https://auto.mercadolibre.com.uy/MLU-700735884-chana-furgon-10-2014-_JM;N/A;;"Chana FurgÛn 1.0 2014";USD;SÌ;silver;false;N/A;N/A;http://perfil.mercadolibre.com.uy/NACHOMOVILES;active;N/A;N/A;Usado;Blanco;SÌ;Hidr·ulica;N/A;N/A;N/A;N/A;N/A;N/A;N/A;N/A;N/A;N/A;N/A;SÌ;N/A;N/A;N/A;N/A;N/A;N/A;N/A;N/A;N/A;N/A;N/A;N/A;N/A;N/A;N/A;"1000 cc";N/A;5;N/A;N/A;N/A;N/A;N/A;N/A;N/A;N/A;N/A;N/A;N/A;N/A;N/A;N/A;N/A;N/A;N/A;N/A;N/A;N/A;N/A;N/A;N/A;N/A;N/A;N/A;N/A;N/A;N/A;N/A;N/A;N/A;N/A;N/A;N/A;N/A;N/A;N/A;N/A;N/A;N/A;N/A;N/A;N/A;N/A;N/A;N/A;N/A;N/A;N/A;N/A;N/A;N/A;N/A;N/A;N/A;N/A;N/A;N/A;N/A;N/A;N/A;N/A;N/A;N/A;N/A;N/A;N/A;N/A;N/A;N/A;N/A;N/A;N/A;"Lun. a Vie. 9 a 13 y 14:30 a 18:30 hs.";5;1.0;Nafta;Manual;FurgÛn;"Autos y camionetas";No;N/A;N/A;N/A;No;N/A;N/A;No;SÌ;No;No;N/A;N/A;N/A;N/A;N/A;N/A;N/A;N/A;N/A;N/A;N/A;N/A;N/A;N/A;N/A;N/A;N/A;N/A;N/A;N/A;N/A;N/A;N/A;N/A;N/A;N/A;N/A;N/A;N/A;N/A;N/A;N/A;N/A;N/A;N/A;N/A;N/A;N/A;N/A;N/A;N/A;N/A;N/A;N/A;N/A;N/A;N/A;N/A;N/A;N/A;N/A;No;N/A;N/A;N/A;N/A;N/A;N/A;N/A;N/A;N/A;N/A;N/A;N/A;N/A;N/A;N/A;N/A;N/A;N/A;N/A;N/A;N/A;N/A;N/A;N/A;N/A;N/A;N/A;N/A;N/A;N/A;N/A;N/A;N/A;N/A;N/A;N/A;N/A;N/A;N/A;N/A;N/A;SÌ;N/A;N/A;SÌ;N/A;N/A;N/A;N/A;N/A;N/A;SÌ;SÌ;N/A;SÌ;N/A;N/A;N/A;SÌ
Chana;Star;"1.2 Md201 Box";2023;"0 km";;RENAULTPUNTADELESTE;14990;;;;;"Punta del Este";https://auto.mercadolibre.com.uy/MLU-670919330-changan-star-box-full-12-0km-_JM;N/A;;"Changan Star Box Full 1.2 0km";usd;SÌ;silver;false;N/A;N/A;http://perfil.mercadolibre.com.uy/RENAULTPUNTADELESTE;active;N/A;N/A;Nuevo;Gris;N/A;N/A;Trasera;SÌ;N/A;N/A;N/A;N/A;N/A;N/A;N/A;N/A;N/A;N/A;N/A;N/A;N/A;N/A;N/A;N/A;N/A;N/A;N/A;N/A;N/A;N/A;N/A;4;N/A;"1.2 L";N/A;5;N/A;N/A;N/A;N/A;N/A;N/A;N/A;N/A;N/A;N/A;N/A;N/A;N/A;N/A;N/A;N/A;N/A;N/A;N/A;N/A;N/A;N/A;N/A;N/A;N/A;N/A;N/A;N/A;N/A;N/A;N/A;N/A;N/A;N/A;N/A;N/A;N/A;N/A;N/A;N/A;N/A;N/A;N/A;N/A;N/A;N/A;N/A;N/A;N/A;N/A;N/A;N/A;"97 hp";N/A;N/A;N/A;N/A;N/A;N/A;N/A;N/A;N/A;N/A;N/A;N/A;N/A;N/A;N/A;N/A;N/A;N/A;N/A;N/A;N/A;"24 HS";2;1.2;Nafta;Manual;N/A;"Autos y camionetas";N/A;N/A;N/A;N/A;N/A;N/A;UY;N/A;N/A;N/A;N/A;N/A;N/A;N/A;N/A;N/A;N/A;N/A;N/A;N/A;N/A;N/A;N/A;N/A;N/A;N/A;N/A;N/A;N/A;N/A;N/A;N/A;N/A;N/A;N/A;N/A;N/A;N/A;N/A;N/A;N/A;N/A;N/A;N/A;N/A;N/A;N/A;N/A;N/A;N/A;N/A;N/A;N/A;N/A;N/A;N/A;N/A;N/A;N/A;N/A;N/A;N/A;N/A;N/A;N/A;N/A;N/A;N/A;N/A;N/A;N/A;N/A;N/A;N/A;N/A;N/A;N/A;N/A;N/A;N/A;N/A;N/A;N/A;N/A;N/A;N/A;N/A;N/A;N/A;N/A;N/A;N/A;N/A;N/A;N/A;N/A;N/A;N/A;N/A;N/A;N/A;N/A;N/A;N/A;N/A;N/A;N/A;N/A;N/A;N/A;N/A;N/A;N/A;N/A;N/A;N/A;N/A;N/A;N/A;N/A;N/A;N/A
Chana;Star;"1.2 Md201 Pickup Cab Simple";2023;"0 km";;RENAULTPUNTADELESTE;15490;;;;;"Punta del Este";https://auto.mercadolibre.com.uy/MLU-670932290-changan-star-doble-cabina-full-12-_JM;N/A;;"Changan Star Doble Cabina Full 1.2 ";usd;SÌ;silver;false;N/A;N/A;http://perfil.mercadolibre.com.uy/RENAULTPUNTADELESTE;active;N/A;N/A;Nuevo;Blanco;N/A;N/A;Trasera;SÌ;N/A;N/A;N/A;N/A;N/A;N/A;N/A;N/A;N/A;N/A;N/A;N/A;N/A;N/A;N/A;N/A;N/A;N/A;N/A;N/A;N/A;N/A;N/A;4;N/A;"1.2 L";N/A;5;N/A;N/A;N/A;N/A;N/A;N/A;N/A;N/A;N/A;N/A;N/A;N/A;N/A;N/A;N/A;N/A;N/A;N/A;N/A;N/A;N/A;N/A;N/A;N/A;N/A;N/A;N/A;N/A;N/A;N/A;N/A;N/A;N/A;N/A;N/A;N/A;N/A;N/A;N/A;N/A;N/A;N/A;N/A;N/A;N/A;N/A;N/A;N/A;N/A;N/A;N/A;N/A;"97 hp";N/A;N/A;N/A;N/A;N/A;N/A;N/A;N/A;N/A;N/A;N/A;N/A;N/A;N/A;N/A;N/A;N/A;N/A;N/A;N/A;N/A;24hs;2;1.2;Nafta;Manual;Pick-Up;"Autos y camionetas";N/A;N/A;N/A;N/A;N/A;N/A;UY;N/A;N/A;N/A;N/A;N/A;N/A;N/A;N/A;N/A;N/A;N/A;N/A;N/A;N/A;N/A;N/A;N/A;N/A;N/A;N/A;N/A;N/A;N/A;N/A;N/A;N/A;N/A;N/A;N/A;N/A;N/A;N/A;N/A;N/A;N/A;N/A;N/A;N/A;N/A;N/A;N/A;N/A;N/A;N/A;N/A;N/A;N/A;N/A;N/A;N/A;N/A;N/A;N/A;N/A;N/A;N/A;N/A;N/A;N/A;N/A;N/A;N/A;N/A;N/A;N/A;N/A;N/A;N/A;N/A;N/A;N/A;N/A;N/A;N/A;N/A;N/A;N/A;N/A;N/A;N/A;N/A;N/A;N/A;N/A;N/A;N/A;N/A;N/A;N/A;N/A;N/A;N/A;N/A;N/A;N/A;N/A;N/A;N/A;N/A;N/A;N/A;N/A;N/A;N/A;N/A;N/A;N/A;N/A;N/A;N/A;N/A;N/A;N/A;N/A;N/A
Chana;Furgon;"Furgon 1300";2011;"151000 km";;CLAVELLMARTIN20220626202353;4400;;;;;Solymar;https://auto.mercadolibre.com.uy/MLU-701491126-chana-furgon-furgon-1300-_JM;N/A;;"Chana Furgon  Furgon 1300 ";USD;SÌ;silver;false;N/A;N/A;http://perfil.mercadolibre.com.uy/CLAVELLMARTIN20220626202353;active;N/A;N/A;Usado;N/A;N/A;N/A;N/A;N/A;N/A;N/A;N/A;N/A;N/A;N/A;N/A;N/A;N/A;N/A;N/A;N/A;N/A;N/A;N/A;N/A;N/A;N/A;N/A;N/A;N/A;N/A;N/A;N/A;N/A;N/A;N/A;N/A;N/A;N/A;N/A;N/A;N/A;N/A;N/A;N/A;N/A;N/A;N/A;N/A;N/A;N/A;N/A;N/A;N/A;N/A;N/A;N/A;N/A;N/A;N/A;N/A;N/A;N/A;N/A;N/A;N/A;N/A;N/A;N/A;N/A;N/A;N/A;N/A;N/A;N/A;N/A;N/A;N/A;N/A;N/A;N/A;N/A;N/A;N/A;N/A;N/A;N/A;N/A;N/A;N/A;N/A;N/A;N/A;N/A;N/A;N/A;N/A;N/A;N/A;N/A;N/A;N/A;N/A;N/A;N/A;N/A;N/A;N/A;N/A;N/A;N/A;N/A;5;N/A;Nafta;N/A;N/A;"Autos y camionetas";N/A;N/A;N/A;N/A;N/A;N/A;N/A;N/A;N/A;N/A;N/A;N/A;N/A;N/A;N/A;N/A;N/A;N/A;N/A;N/A;N/A;N/A;N/A;N/A;N/A;N/A;N/A;N/A;N/A;N/A;N/A;N/A;N/A;N/A;N/A;N/A;N/A;N/A;N/A;N/A;N/A;N/A;N/A;N/A;N/A;N/A;N/A;N/A;N/A;N/A;N/A;N/A;N/A;N/A;N/A;N/A;N/A;N/A;N/A;N/A;N/A;N/A;N/A;N/A;N/A;N/A;N/A;N/A;N/A;N/A;N/A;N/A;N/A;N/A;N/A;N/A;N/A;N/A;N/A;N/A;N/A;N/A;N/A;N/A;N/A;N/A;N/A;N/A;N/A;N/A;N/A;N/A;N/A;N/A;N/A;N/A;N/A;N/A;N/A;N/A;N/A;N/A;N/A;N/A;N/A;N/A;N/A;N/A;N/A;N/A;N/A;N/A;N/A;N/A;N/A;N/A;N/A;N/A;N/A;N/A;N/A;N/A
Chana;"Doble Cabina";"Changan Empadronamiento Gratis iva incluido";2024;"0 km";;"ALVISI S.A.";13490;;;;;Goes;https://auto.mercadolibre.com.uy/MLU-684023546-chana-doble-cabina-changan-empadronamiento-gratis-iva-inc-_JM;N/A;;"Chana Doble Cabina Changan Empadronamiento Gratis Iva Inc.";USD;SÌ;silver;false;N/A;N/A;http://perfil.mercadolibre.com.uy/ALVISI+S.A.;active;N/A;N/A;Nuevo;Blanco;N/A;Mec·nica;N/A;N/A;N/A;N/A;N/A;N/A;N/A;N/A;N/A;N/A;N/A;N/A;N/A;N/A;N/A;N/A;N/A;N/A;N/A;N/A;N/A;N/A;N/A;N/A;N/A;N/A;N/A;"1200 cc";N/A;N/A;N/A;N/A;N/A;N/A;N/A;N/A;N/A;N/A;N/A;N/A;N/A;N/A;N/A;N/A;N/A;N/A;N/A;N/A;N/A;N/A;N/A;N/A;N/A;N/A;N/A;N/A;N/A;N/A;N/A;N/A;N/A;N/A;N/A;N/A;N/A;N/A;N/A;N/A;N/A;N/A;N/A;N/A;N/A;N/A;N/A;N/A;N/A;N/A;N/A;N/A;N/A;N/A;"97 hp";N/A;N/A;N/A;N/A;N/A;N/A;N/A;N/A;N/A;N/A;N/A;N/A;N/A;N/A;N/A;N/A;N/A;N/A;N/A;N/A;N/A;"Lun. a Vie. de 9 a 12:30 y de 14:30 a 18 hs.";4;1.2;Nafta;Manual;N/A;"Autos y camionetas";No;N/A;N/A;N/A;No;N/A;N/A;No;SÌ;No;No;N/A;N/A;N/A;N/A;N/A;N/A;N/A;N/A;N/A;N/A;N/A;N/A;N/A;N/A;N/A;N/A;N/A;N/A;N/A;N/A;N/A;N/A;N/A;N/A;N/A;N/A;N/A;N/A;N/A;N/A;N/A;N/A;SÌ;N/A;N/A;N/A;N/A;N/A;N/A;N/A;N/A;N/A;N/A;N/A;N/A;N/A;N/A;N/A;N/A;N/A;SÌ;No;N/A;N/A;N/A;N/A;N/A;N/A;N/A;N/A;N/A;N/A;N/A;N/A;N/A;N/A;N/A;N/A;N/A;N/A;N/A;N/A;N/A;N/A;N/A;N/A;N/A;N/A;N/A;N/A;N/A;N/A;N/A;N/A;N/A;SÌ;N/A;N/A;N/A;SÌ;N/A;N/A;N/A;N/A;SÌ;N/A;N/A;N/A;N/A;N/A;N/A;N/A;N/A;SÌ;SÌ;N/A;N/A;N/A;N/A;N/A;SÌ
Chana;Cargo;"cargo full";2024;"0 km";;"JHONNY_PERERA AUTOMOVILES";14990;;;;;"Rafael Perazza";https://auto.mercadolibre.com.uy/MLU-637348985-chana-cargo-cargo-full-_JM;N/A;;"Chana Cargo Cargo Full";USD;SÌ;silver;false;N/A;N/A;http://perfil.mercadolibre.com.uy/JHONNY_PERERA+AUTOMOVILES;active;N/A;N/A;Nuevo;N/A;N/A;N/A;N/A;N/A;N/A;N/A;N/A;N/A;N/A;N/A;N/A;N/A;N/A;N/A;N/A;N/A;N/A;N/A;N/A;N/A;N/A;N/A;N/A;N/A;N/A;N/A;N/A;N/A;N/A;N/A;N/A;N/A;N/A;N/A;N/A;N/A;N/A;N/A;N/A;N/A;N/A;N/A;N/A;N/A;N/A;N/A;N/A;N/A;N/A;N/A;N/A;N/A;N/A;N/A;N/A;N/A;N/A;N/A;N/A;N/A;N/A;N/A;N/A;N/A;N/A;N/A;N/A;N/A;N/A;N/A;N/A;N/A;N/A;N/A;N/A;N/A;N/A;N/A;N/A;N/A;N/A;N/A;N/A;N/A;N/A;N/A;N/A;N/A;N/A;N/A;N/A;N/A;N/A;N/A;N/A;N/A;N/A;N/A;N/A;N/A;N/A;N/A;N/A;N/A;N/A;N/A;N/A;5;N/A;Nafta;N/A;N/A;"Autos y camionetas";N/A;N/A;N/A;N/A;N/A;N/A;N/A;N/A;N/A;N/A;N/A;N/A;N/A;N/A;N/A;N/A;N/A;N/A;N/A;N/A;N/A;N/A;N/A;N/A;N/A;N/A;N/A;N/A;N/A;N/A;N/A;N/A;N/A;N/A;N/A;N/A;N/A;N/A;N/A;N/A;N/A;N/A;N/A;N/A;N/A;N/A;N/A;N/A;N/A;N/A;N/A;N/A;N/A;N/A;N/A;N/A;N/A;N/A;N/A;N/A;N/A;N/A;N/A;N/A;N/A;N/A;N/A;N/A;N/A;N/A;N/A;N/A;N/A;N/A;N/A;N/A;N/A;N/A;N/A;N/A;N/A;N/A;N/A;N/A;N/A;N/A;N/A;N/A;N/A;N/A;N/A;N/A;N/A;N/A;N/A;N/A;N/A;N/A;N/A;N/A;N/A;N/A;N/A;N/A;N/A;N/A;N/A;N/A;N/A;N/A;N/A;N/A;N/A;N/A;N/A;N/A;N/A;N/A;N/A;N/A;N/A;N/A
Chana;Star;"1.2 Md201 Pickup Cab Simple";2023;"0 km";;"JHONNY_PERERA AUTOMOVILES";12990;;;;;"Rafael Perazza";https://auto.mercadolibre.com.uy/MLU-637297315-chana-star-2023-12-md201-pickup-cab-simple-_JM;N/A;;"Chana Star 2023 1.2 Md201 Pickup Cab Simple";usd;SÌ;silver;false;N/A;N/A;http://perfil.mercadolibre.com.uy/JHONNY_PERERA+AUTOMOVILES;active;N/A;N/A;Nuevo;N/A;N/A;N/A;Trasera;SÌ;N/A;N/A;N/A;N/A;N/A;N/A;N/A;N/A;N/A;N/A;N/A;N/A;N/A;N/A;N/A;N/A;N/A;N/A;N/A;N/A;N/A;N/A;N/A;4;N/A;"1.2 L";N/A;5;N/A;N/A;N/A;N/A;N/A;N/A;N/A;N/A;N/A;N/A;N/A;N/A;N/A;N/A;N/A;N/A;N/A;N/A;N/A;N/A;N/A;N/A;N/A;N/A;N/A;N/A;N/A;N/A;N/A;N/A;N/A;N/A;N/A;N/A;N/A;N/A;N/A;N/A;N/A;N/A;N/A;N/A;N/A;N/A;N/A;N/A;N/A;N/A;N/A;N/A;N/A;N/A;"97 hp";N/A;N/A;N/A;N/A;N/A;N/A;N/A;N/A;N/A;N/A;N/A;N/A;N/A;N/A;N/A;N/A;N/A;N/A;N/A;N/A;N/A;N/A;2;1.2;Nafta;Manual;Pick-Up;"Autos y camionetas";N/A;N/A;N/A;N/A;N/A;N/A;UY;N/A;N/A;N/A;N/A;N/A;N/A;N/A;N/A;N/A;N/A;N/A;N/A;N/A;N/A;N/A;N/A;N/A;N/A;N/A;N/A;N/A;N/A;N/A;N/A;N/A;N/A;N/A;N/A;N/A;N/A;N/A;N/A;N/A;N/A;N/A;N/A;N/A;N/A;N/A;N/A;N/A;N/A;N/A;N/A;N/A;N/A;N/A;N/A;N/A;N/A;N/A;N/A;N/A;N/A;N/A;N/A;N/A;N/A;N/A;N/A;N/A;N/A;N/A;N/A;N/A;N/A;N/A;N/A;N/A;N/A;N/A;N/A;N/A;N/A;N/A;N/A;N/A;N/A;N/A;N/A;N/A;N/A;N/A;N/A;N/A;N/A;N/A;N/A;N/A;N/A;N/A;N/A;N/A;N/A;N/A;N/A;N/A;N/A;N/A;N/A;N/A;N/A;N/A;N/A;N/A;N/A;N/A;N/A;N/A;N/A;N/A;N/A;N/A;N/A;N/A
Chana;Benni;"1.0 Full Manual";2015;"145000 km";;"JHONNY_PERERA AUTOMOVILES";7900;;;;;"Rafael Perazza";https://auto.mercadolibre.com.uy/MLU-646460563-chana-benni-2015-10-full-manual-_JM;N/A;;"Chana Benni 2015 1.0 Full Manual";usd;SÌ;silver;false;N/A;N/A;http://perfil.mercadolibre.com.uy/JHONNY_PERERA+AUTOMOVILES;active;N/A;N/A;Usado;N/A;N/A;Hidr·ulica;Delantera;SÌ;N/A;N/A;N/A;N/A;N/A;N/A;N/A;N/A;N/A;N/A;N/A;N/A;N/A;N/A;N/A;N/A;N/A;N/A;N/A;N/A;N/A;N/A;N/A;N/A;N/A;"1 L";N/A;N/A;N/A;N/A;N/A;N/A;N/A;N/A;N/A;N/A;N/A;N/A;N/A;N/A;N/A;N/A;N/A;N/A;N/A;N/A;N/A;N/A;N/A;N/A;N/A;N/A;N/A;N/A;N/A;N/A;N/A;N/A;N/A;N/A;N/A;N/A;N/A;N/A;N/A;N/A;N/A;N/A;N/A;N/A;N/A;N/A;N/A;N/A;N/A;N/A;N/A;N/A;N/A;N/A;"68 hp";Full;N/A;N/A;N/A;N/A;N/A;N/A;N/A;N/A;N/A;N/A;N/A;N/A;N/A;N/A;N/A;N/A;N/A;N/A;N/A;N/A;N/A;5;1.0;Nafta;Manual;Hatchback;"Autos y camionetas";N/A;N/A;N/A;N/A;N/A;N/A;UY;N/A;N/A;N/A;N/A;N/A;N/A;N/A;N/A;N/A;N/A;N/A;N/A;N/A;N/A;N/A;N/A;N/A;N/A;N/A;N/A;N/A;N/A;N/A;N/A;N/A;N/A;N/A;N/A;N/A;N/A;N/A;N/A;N/A;N/A;N/A;N/A;N/A;N/A;N/A;N/A;N/A;N/A;N/A;N/A;N/A;N/A;N/A;N/A;N/A;N/A;N/A;N/A;N/A;N/A;N/A;N/A;N/A;N/A;N/A;N/A;N/A;N/A;N/A;N/A;N/A;N/A;N/A;N/A;N/A;N/A;N/A;N/A;N/A;N/A;N/A;N/A;N/A;N/A;N/A;N/A;N/A;N/A;N/A;N/A;N/A;N/A;N/A;N/A;N/A;SÌ;N/A;SÌ;N/A;N/A;N/A;N/A;SÌ;N/A;SÌ;N/A;N/A;N/A;N/A;N/A;N/A;N/A;N/A;N/A;N/A;N/A;N/A;N/A;N/A;N/A;N/A
Chana;Star;"1.2 Md201 Pickup Cab Simple";2022;"0 km";;GRUIZ_AUTOMOVILES;12490;;;;;Centro;https://auto.mercadolibre.com.uy/MLU-635433565-chana-star-pickup-full-_JM;N/A;;"Chana Star Pickup Full";usd;SÌ;silver;false;N/A;N/A;http://perfil.mercadolibre.com.uy/GRUIZ_AUTOMOVILES;active;N/A;N/A;Nuevo;N/A;No;N/A;Trasera;SÌ;No;No;No;No;No;No;No;No;No;No;No;No;No;No;N/A;N/A;N/A;N/A;N/A;N/A;N/A;N/A;N/A;4;N/A;"1.2 L";N/A;5;N/A;No;No;No;No;No;No;No;No;No;No;No;No;No;No;No;No;No;No;No;No;No;No;No;No;No;No;No;No;No;No;No;No;No;No;No;No;No;No;No;No;No;No;No;No;N/A;N/A;N/A;N/A;N/A;N/A;N/A;"97 hp";N/A;N/A;N/A;N/A;N/A;No;No;No;No;No;No;No;No;No;No;N/A;No;No;No;No;No;"Lunes a viernes de 9 a 18:30";2;1.2;Nafta;Manual;Pick-Up;"Autos y camionetas";No;No;No;No;No;No;UY;No;No;No;No;No;No;No;No;No;No;No;No;No;No;No;No;No;No;No;No;No;No;No;No;No;N/A;No;No;No;No;No;No;No;No;No;No;No;No;No;No;No;No;No;No;No;No;No;No;No;No;No;No;No;No;No;No;No;No;No;No;No;No;No;No;No;No;No;No;No;No;No;No;No;No;No;No;No;No;No;No;No;No;No;No;No;No;No;No;No;No;No;No;No;No;No;No;No;No;No;No;No;No;No;No;No;No;No;No;No;No;No;No;No;No;No
Chana;"Doble Cabina";Si;2014;"89000 km";;"MARTINEZ AUTOMOVILES";6900;;;;;Prado;https://auto.mercadolibre.com.uy/MLU-699351524-chana-doble-cabina-si-_JM;N/A;;"Chana Doble Cabina Si";USD;SÌ;silver;false;N/A;N/A;http://perfil.mercadolibre.com.uy/MARTINEZ+AUTOMOVILES;active;N/A;N/A;Usado;N/A;N/A;N/A;N/A;N/A;N/A;N/A;N/A;N/A;N/A;N/A;N/A;N/A;N/A;N/A;N/A;N/A;N/A;N/A;N/A;N/A;N/A;N/A;N/A;N/A;N/A;N/A;N/A;N/A;N/A;N/A;N/A;N/A;N/A;N/A;N/A;N/A;N/A;N/A;N/A;N/A;N/A;N/A;N/A;N/A;N/A;N/A;N/A;N/A;N/A;N/A;N/A;N/A;N/A;N/A;N/A;N/A;N/A;N/A;N/A;N/A;N/A;N/A;N/A;N/A;N/A;N/A;N/A;N/A;N/A;N/A;N/A;N/A;N/A;N/A;N/A;N/A;N/A;N/A;N/A;N/A;N/A;N/A;N/A;N/A;N/A;N/A;N/A;N/A;N/A;N/A;N/A;N/A;N/A;N/A;N/A;N/A;N/A;N/A;N/A;N/A;N/A;N/A;N/A;N/A;N/A;N/A;N/A;4;N/A;Nafta;N/A;N/A;"Autos y camionetas";N/A;N/A;N/A;N/A;N/A;N/A;N/A;N/A;N/A;N/A;N/A;N/A;N/A;N/A;N/A;N/A;N/A;N/A;N/A;N/A;N/A;N/A;N/A;N/A;N/A;N/A;N/A;N/A;N/A;N/A;N/A;N/A;N/A;N/A;N/A;N/A;N/A;N/A;N/A;N/A;N/A;N/A;N/A;N/A;N/A;N/A;N/A;N/A;N/A;N/A;N/A;N/A;N/A;N/A;N/A;N/A;N/A;N/A;N/A;N/A;N/A;N/A;N/A;N/A;N/A;N/A;N/A;N/A;N/A;N/A;N/A;N/A;N/A;N/A;N/A;N/A;N/A;N/A;N/A;N/A;N/A;N/A;N/A;N/A;N/A;N/A;N/A;N/A;N/A;N/A;N/A;N/A;N/A;N/A;N/A;N/A;N/A;N/A;N/A;N/A;N/A;N/A;N/A;N/A;N/A;N/A;N/A;N/A;N/A;N/A;N/A;N/A;N/A;N/A;N/A;N/A;N/A;N/A;N/A;N/A;N/A;N/A
Chana;"STAR BOX";Full;2024;"0 km";;"CONCESIONARIO CASEY";15490;;;;;"Carrasco Norte";https://auto.mercadolibre.com.uy/MLU-681813908-chana-star-box-full-_JM;N/A;;"Chana Star Box Full";USD;SÌ;silver;false;N/A;N/A;http://perfil.mercadolibre.com.uy/CONCESIONARIO+CASEY;active;No;N/A;Nuevo;Gris;No;Mec·nica;N/A;SÌ;No;No;No;No;No;No;No;No;No;No;No;SÌ;No;No;N/A;N/A;N/A;N/A;N/A;N/A;N/A;N/A;N/A;N/A;N/A;N/A;N/A;N/A;N/A;No;No;No;No;No;No;No;No;No;No;No;No;No;No;No;No;No;No;No;No;No;No;No;No;No;No;No;N/A;No;N/A;No;No;No;No;No;No;No;No;No;No;No;No;N/A;No;N/A;N/A;N/A;N/A;N/A;N/A;N/A;N/A;N/A;N/A;N/A;N/A;N/A;No;No;No;No;No;No;No;No;No;No;N/A;No;No;No;No;No;N/A;2;"1200 CC";Nafta;Manual;N/A;"Autos y camionetas";No;No;No;No;No;No;N/A;No;No;No;No;No;No;No;No;No;No;No;No;No;No;No;No;No;No;No;No;No;No;No;No;No;N/A;No;No;No;No;No;No;No;No;No;No;No;No;No;No;No;No;No;No;No;No;No;No;No;No;No;No;No;No;No;No;No;No;No;No;No;No;No;No;No;No;No;No;No;No;No;No;No;No;No;No;No;No;No;No;No;No;No;No;No;No;No;No;No;No;No;No;No;No;No;No;No;No;No;No;No;No;No;No;No;No;No;SÌ;No;No;No;No;No;No;No
Chana;Star;"1.2 Md201 Pickup Cab Simple";2023;"0 km";;GRUIZ_AUTOMOVILES;11490;;;;;Centro;https://auto.mercadolibre.com.uy/MLU-635433551-chana-star-2023-12-md201-pickup-cab-simple-_JM;N/A;;"Chana Star 2023 1.2 Md201 Pickup Cab Simple";usd;SÌ;silver;false;N/A;N/A;http://perfil.mercadolibre.com.uy/GRUIZ_AUTOMOVILES;active;No;No;Nuevo;N/A;No;N/A;Trasera;SÌ;No;No;No;No;No;No;No;No;No;No;No;No;No;No;N/A;N/A;N/A;N/A;N/A;N/A;N/A;N/A;N/A;4;N/A;"1.2 L";N/A;5;N/A;No;No;No;No;No;No;No;No;No;No;No;No;No;No;No;No;No;No;No;No;No;No;No;No;No;No;No;No;No;No;No;No;No;No;No;No;No;No;No;No;No;No;No;No;N/A;N/A;N/A;N/A;N/A;N/A;N/A;"97 hp";N/A;N/A;N/A;N/A;N/A;No;No;No;No;No;No;No;No;No;No;N/A;No;No;No;No;No;"Lunes a Viernes de 9 a 18:30 hrs";2;1.2;Nafta;Manual;Pick-Up;"Autos y camionetas";No;No;No;No;No;No;UY;No;No;No;No;No;No;No;No;No;No;No;No;No;No;No;No;No;No;No;No;No;No;No;No;No;N/A;No;No;No;No;No;No;No;No;No;No;No;No;No;No;No;No;No;No;No;No;No;No;No;No;No;No;No;No;No;No;No;No;No;No;No;No;No;No;No;No;No;No;No;No;No;No;No;No;No;No;No;No;No;No;No;No;No;No;No;No;No;No;No;SÌ;No;No;No;SÌ;No;No;No;No;SÌ;No;No;No;No;No;No;No;No;SÌ;No;No;No;No;No;No;No
Chana;6363;Scsc;2010;"114500 km";;LEVONLAPADJIAN;5500;;;;;Malvin;https://auto.mercadolibre.com.uy/MLU-700506294-chana-6363-scsc-_JM;N/A;;"Chana 6363 Scsc";USD;SÌ;silver;false;N/A;N/A;http://perfil.mercadolibre.com.uy/LEVONLAPADJIAN;active;N/A;N/A;Usado;N/A;N/A;N/A;N/A;N/A;N/A;N/A;N/A;N/A;N/A;N/A;N/A;N/A;N/A;N/A;N/A;N/A;N/A;N/A;N/A;N/A;N/A;N/A;N/A;N/A;N/A;N/A;N/A;N/A;N/A;N/A;N/A;N/A;N/A;N/A;N/A;N/A;N/A;N/A;N/A;N/A;N/A;N/A;N/A;N/A;N/A;N/A;N/A;N/A;N/A;N/A;N/A;N/A;N/A;N/A;N/A;N/A;N/A;N/A;N/A;N/A;N/A;N/A;N/A;N/A;N/A;N/A;N/A;N/A;N/A;N/A;N/A;N/A;N/A;N/A;N/A;N/A;N/A;N/A;N/A;N/A;N/A;N/A;N/A;N/A;N/A;N/A;N/A;N/A;N/A;N/A;N/A;N/A;N/A;N/A;N/A;N/A;N/A;N/A;N/A;N/A;N/A;N/A;N/A;N/A;N/A;N/A;N/A;5;N/A;Nafta;N/A;N/A;"Autos y camionetas";N/A;N/A;N/A;N/A;N/A;N/A;N/A;N/A;N/A;N/A;N/A;N/A;N/A;N/A;N/A;N/A;N/A;N/A;N/A;N/A;N/A;N/A;N/A;N/A;N/A;N/A;N/A;N/A;N/A;N/A;N/A;N/A;N/A;N/A;N/A;N/A;N/A;N/A;N/A;N/A;N/A;N/A;N/A;N/A;N/A;N/A;N/A;N/A;N/A;N/A;N/A;N/A;N/A;N/A;N/A;N/A;N/A;N/A;N/A;N/A;N/A;N/A;N/A;N/A;N/A;N/A;N/A;N/A;N/A;N/A;N/A;N/A;N/A;N/A;N/A;N/A;N/A;N/A;N/A;N/A;N/A;N/A;N/A;N/A;N/A;N/A;N/A;N/A;N/A;N/A;N/A;N/A;N/A;N/A;N/A;N/A;N/A;N/A;N/A;N/A;N/A;N/A;N/A;N/A;N/A;N/A;N/A;N/A;N/A;N/A;N/A;N/A;N/A;N/A;N/A;N/A;N/A;N/A;N/A;N/A;N/A;N/A
Chana;Box;REFRIGERADO;2020;"169000 km";;"AUTOMOTORA DRIVERS";10900;;;;;Centro;https://auto.mercadolibre.com.uy/MLU-694370886-changan-star-box-refrigerado-12-2021-us-10900-dta-iva-_JM;N/A;;"Changan Star Box Refrigerado 1.2 2021 U$s 10900 Dta Iva ";USD;SÌ;silver;false;N/A;N/A;http://perfil.mercadolibre.com.uy/AUTOMOTORA+DRIVERS;active;N/A;N/A;Usado;Blanco;N/A;Hidr·ulica;Delantera;N/A;SÌ;N/A;N/A;N/A;N/A;N/A;N/A;N/A;N/A;N/A;N/A;N/A;N/A;N/A;N/A;N/A;N/A;N/A;N/A;N/A;N/A;N/A;N/A;N/A;N/A;N/A;N/A;N/A;N/A;N/A;N/A;N/A;N/A;N/A;N/A;N/A;N/A;N/A;N/A;N/A;N/A;N/A;N/A;N/A;N/A;N/A;N/A;N/A;N/A;N/A;N/A;N/A;N/A;N/A;N/A;N/A;N/A;N/A;N/A;N/A;N/A;N/A;N/A;N/A;N/A;N/A;N/A;N/A;N/A;N/A;N/A;N/A;N/A;N/A;N/A;N/A;N/A;N/A;N/A;N/A;N/A;N/A;N/A;N/A;N/A;N/A;N/A;N/A;N/A;SÌ;N/A;N/A;N/A;N/A;N/A;N/A;N/A;N/A;N/A;N/A;N/A;N/A;"LUNES A VIERNES DE 10 A 18 HRS";4;1.2;Nafta;Manual;FurgÛn;"Autos y camionetas";N/A;N/A;N/A;N/A;N/A;N/A;N/A;N/A;SÌ;N/A;N/A;N/A;N/A;N/A;N/A;N/A;N/A;N/A;N/A;N/A;N/A;N/A;N/A;N/A;N/A;N/A;N/A;N/A;N/A;N/A;N/A;N/A;N/A;N/A;N/A;N/A;N/A;N/A;N/A;N/A;N/A;N/A;N/A;N/A;N/A;N/A;N/A;N/A;N/A;N/A;N/A;N/A;N/A;N/A;N/A;N/A;N/A;N/A;N/A;N/A;N/A;N/A;N/A;N/A;N/A;N/A;N/A;N/A;N/A;N/A;N/A;N/A;N/A;N/A;N/A;N/A;N/A;N/A;N/A;N/A;N/A;N/A;N/A;N/A;N/A;N/A;N/A;N/A;N/A;N/A;N/A;N/A;N/A;N/A;N/A;N/A;SÌ;N/A;N/A;N/A;N/A;N/A;N/A;N/A;N/A;SÌ;N/A;SÌ;N/A;N/A;N/A;N/A;N/A;N/A;SÌ;SÌ;N/A;N/A;N/A;N/A;N/A;N/A
Chana;"STAR BOX";"Camioneta furgÛn";2021;"0 km";;"SUC.JORGE ESTEFAN";11467;;;;;Trinidad;https://auto.mercadolibre.com.uy/MLU-640868745-chana-star-box-_JM;N/A;;"Chana Star Box";USD;SÌ;silver;false;N/A;N/A;http://perfil.mercadolibre.com.uy/SUC.JORGE+ESTEFAN;active;N/A;N/A;Nuevo;Gris;N/A;N/A;N/A;N/A;N/A;N/A;N/A;N/A;N/A;N/A;N/A;N/A;N/A;N/A;N/A;N/A;N/A;N/A;N/A;N/A;N/A;N/A;N/A;N/A;N/A;N/A;N/A;N/A;N/A;N/A;N/A;N/A;N/A;N/A;N/A;N/A;N/A;N/A;N/A;N/A;N/A;N/A;N/A;N/A;N/A;N/A;N/A;N/A;N/A;N/A;N/A;N/A;N/A;N/A;N/A;N/A;N/A;N/A;N/A;N/A;N/A;N/A;N/A;N/A;N/A;N/A;N/A;N/A;N/A;N/A;N/A;N/A;N/A;N/A;N/A;N/A;N/A;N/A;N/A;N/A;N/A;N/A;N/A;N/A;N/A;N/A;N/A;N/A;N/A;N/A;N/A;N/A;N/A;N/A;N/A;N/A;N/A;N/A;N/A;N/A;N/A;N/A;N/A;N/A;N/A;N/A;"Lunes a S·bado de 9:00 a 19:00 hs";2;1.2;Nafta;Manual;Off-Road;"Autos y camionetas";N/A;N/A;N/A;N/A;N/A;N/A;N/A;N/A;N/A;N/A;N/A;N/A;N/A;N/A;N/A;N/A;N/A;N/A;N/A;N/A;N/A;N/A;N/A;N/A;N/A;N/A;N/A;N/A;N/A;N/A;N/A;N/A;N/A;N/A;N/A;N/A;N/A;N/A;N/A;N/A;N/A;N/A;N/A;N/A;N/A;N/A;N/A;N/A;N/A;N/A;N/A;N/A;N/A;N/A;N/A;N/A;N/A;N/A;N/A;N/A;N/A;N/A;N/A;N/A;N/A;N/A;N/A;N/A;N/A;N/A;N/A;N/A;N/A;N/A;N/A;N/A;N/A;N/A;N/A;N/A;N/A;N/A;N/A;N/A;N/A;N/A;N/A;N/A;N/A;N/A;N/A;N/A;N/A;N/A;N/A;N/A;N/A;N/A;N/A;N/A;N/A;N/A;N/A;N/A;N/A;N/A;N/A;N/A;N/A;N/A;N/A;N/A;N/A;N/A;N/A;N/A;N/A;N/A;N/A;N/A;N/A;N/A
Chana;"Doble Cabina";"Doble Cabina";2011;"200000 km";;"BRAVO AUTOMOVILES";5800;;;;;Trinidad;https://auto.mercadolibre.com.uy/MLU-645121729-chana-doble-cabina-doble-cabina-_JM;N/A;;"Chana Doble Cabina Doble Cabina";USD;SÌ;silver;false;N/A;N/A;http://perfil.mercadolibre.com.uy/BRAVO+AUTOMOVILES;active;N/A;N/A;Usado;N/A;N/A;N/A;N/A;N/A;N/A;N/A;N/A;N/A;N/A;N/A;N/A;N/A;N/A;N/A;N/A;N/A;N/A;N/A;N/A;N/A;N/A;N/A;N/A;N/A;N/A;N/A;N/A;N/A;N/A;N/A;N/A;N/A;N/A;N/A;N/A;N/A;N/A;N/A;N/A;N/A;N/A;N/A;N/A;N/A;N/A;N/A;N/A;N/A;N/A;N/A;N/A;N/A;N/A;N/A;N/A;N/A;N/A;N/A;N/A;N/A;N/A;N/A;N/A;N/A;N/A;N/A;N/A;N/A;N/A;N/A;N/A;N/A;N/A;N/A;N/A;N/A;N/A;N/A;N/A;N/A;N/A;N/A;N/A;N/A;N/A;N/A;N/A;N/A;N/A;N/A;N/A;N/A;N/A;N/A;N/A;N/A;N/A;N/A;N/A;N/A;N/A;N/A;N/A;N/A;N/A;N/A;N/A;4;N/A;Nafta;N/A;N/A;"Autos y camionetas";N/A;N/A;N/A;N/A;N/A;N/A;N/A;N/A;N/A;N/A;N/A;N/A;N/A;N/A;N/A;N/A;N/A;N/A;N/A;N/A;N/A;N/A;N/A;N/A;N/A;N/A;N/A;N/A;N/A;N/A;N/A;N/A;N/A;N/A;N/A;N/A;N/A;N/A;N/A;N/A;N/A;N/A;N/A;N/A;N/A;N/A;N/A;N/A;N/A;N/A;N/A;N/A;N/A;N/A;N/A;N/A;N/A;N/A;N/A;N/A;N/A;N/A;N/A;N/A;N/A;N/A;N/A;N/A;N/A;N/A;N/A;N/A;N/A;N/A;N/A;N/A;N/A;N/A;N/A;N/A;N/A;N/A;N/A;N/A;N/A;N/A;N/A;N/A;N/A;N/A;N/A;N/A;N/A;N/A;N/A;N/A;N/A;N/A;N/A;N/A;N/A;N/A;N/A;N/A;N/A;N/A;N/A;N/A;N/A;N/A;N/A;N/A;N/A;N/A;N/A;N/A;N/A;N/A;N/A;N/A;N/A;N/A
Chana;Box;Full;2020;"111000 km";;"AUTOMOTORA DRIVERS";10000;;;;;Centro;https://auto.mercadolibre.com.uy/MLU-694002208-chana-box-12-furgon-2020-us-10000-dta-iva-permuta-_JM;N/A;;"Chana Box 1.2 Furgon 2020 U$s 10000 Dta Iva Permuta";usd;SÌ;silver;false;N/A;N/A;http://perfil.mercadolibre.com.uy/AUTOMOTORA+DRIVERS;active;N/A;N/A;Usado;Plateado;N/A;Hidr·ulica;Delantera;SÌ;SÌ;N/A;N/A;N/A;N/A;N/A;N/A;N/A;N/A;N/A;N/A;SÌ;N/A;N/A;N/A;N/A;N/A;N/A;N/A;N/A;N/A;N/A;N/A;N/A;N/A;"1 L";N/A;N/A;N/A;N/A;N/A;N/A;N/A;N/A;N/A;N/A;N/A;N/A;N/A;N/A;N/A;N/A;N/A;N/A;N/A;N/A;N/A;N/A;N/A;N/A;N/A;N/A;N/A;N/A;N/A;N/A;N/A;N/A;N/A;N/A;N/A;N/A;N/A;N/A;N/A;N/A;N/A;N/A;N/A;N/A;N/A;N/A;N/A;N/A;N/A;N/A;N/A;N/A;N/A;N/A;"68 hp";Full;N/A;N/A;N/A;N/A;N/A;N/A;N/A;SÌ;N/A;SÌ;N/A;N/A;N/A;N/A;N/A;N/A;N/A;N/A;N/A;N/A;"LUNES A VIERNES DE 10 A 18 HRS";4;1.2;Nafta;Manual;FurgÛn;"Autos y camionetas";N/A;N/A;N/A;N/A;N/A;N/A;UY;N/A;SÌ;N/A;N/A;N/A;N/A;N/A;N/A;N/A;N/A;N/A;N/A;N/A;N/A;N/A;N/A;N/A;N/A;N/A;N/A;N/A;N/A;N/A;N/A;N/A;N/A;N/A;N/A;N/A;N/A;N/A;N/A;N/A;N/A;N/A;N/A;N/A;N/A;N/A;N/A;N/A;N/A;N/A;N/A;N/A;N/A;N/A;N/A;N/A;N/A;N/A;N/A;N/A;N/A;N/A;N/A;N/A;N/A;N/A;N/A;N/A;N/A;N/A;N/A;N/A;N/A;N/A;N/A;N/A;N/A;N/A;N/A;N/A;N/A;N/A;N/A;N/A;N/A;N/A;N/A;N/A;N/A;N/A;N/A;N/A;N/A;N/A;N/A;N/A;SÌ;N/A;SÌ;N/A;N/A;N/A;N/A;SÌ;N/A;SÌ;N/A;SÌ;N/A;N/A;N/A;N/A;N/A;N/A;SÌ;SÌ;N/A;N/A;N/A;N/A;N/A;SÌ
Chana;Utility;"1.0 8v Furgon";2008;"120000 km";;SANCHEZDAIANA20220812220407;5000;;;;;Florida;https://auto.mercadolibre.com.uy/MLU-701780868-chana-utility-10-8v-furgon-_JM;N/A;;"Chana Utility 1.0 8v Furgon";usd;SÌ;free;false;N/A;N/A;http://perfil.mercadolibre.com.uy/SANCHEZDAIANA20220812220407;active;N/A;N/A;Usado;Azul;No;Hidr·ulica;Trasera;N/A;N/A;N/A;N/A;N/A;N/A;N/A;N/A;N/A;N/A;N/A;N/A;N/A;N/A;N/A;N/A;N/A;N/A;N/A;N/A;N/A;N/A;N/A;N/A;N/A;N/A;"1 L";"40 L";5;N/A;N/A;N/A;N/A;N/A;N/A;N/A;N/A;N/A;N/A;N/A;N/A;N/A;N/A;N/A;N/A;N/A;N/A;N/A;N/A;N/A;N/A;N/A;N/A;N/A;N/A;N/A;N/A;N/A;N/A;N/A;N/A;N/A;N/A;N/A;N/A;N/A;N/A;N/A;N/A;N/A;N/A;N/A;N/A;N/A;N/A;N/A;N/A;N/A;N/A;N/A;N/A;"53 hp";Furgon;N/A;2;N/A;N/A;N/A;N/A;N/A;N/A;N/A;N/A;N/A;N/A;N/A;N/A;N/A;N/A;N/A;N/A;N/A;N/A;"Lunes a domingo 9 a 21hs";4;1.0;Nafta;Manual;FurgÛn;"Autos y camionetas";N/A;N/A;N/A;N/A;N/A;N/A;UY;N/A;N/A;N/A;N/A;N/A;N/A;N/A;N/A;N/A;N/A;N/A;N/A;N/A;N/A;N/A;N/A;N/A;N/A;N/A;N/A;N/A;N/A;N/A;N/A;N/A;N/A;N/A;N/A;N/A;N/A;N/A;N/A;N/A;N/A;N/A;N/A;N/A;N/A;N/A;N/A;N/A;N/A;N/A;N/A;N/A;N/A;N/A;N/A;N/A;N/A;N/A;N/A;N/A;N/A;N/A;N/A;N/A;N/A;N/A;N/A;N/A;N/A;N/A;N/A;N/A;N/A;N/A;N/A;N/A;N/A;N/A;N/A;N/A;N/A;N/A;N/A;N/A;N/A;N/A;N/A;N/A;N/A;N/A;N/A;N/A;N/A;N/A;N/A;N/A;N/A;N/A;N/A;N/A;N/A;N/A;N/A;N/A;N/A;N/A;N/A;N/A;N/A;N/A;N/A;N/A;N/A;N/A;N/A;N/A;N/A;N/A;N/A;N/A;N/A;N/A
Chana;Benni;1.0;2014;"135000 km";;GOFE385552;6000;;;;;"Punta del Este";https://auto.mercadolibre.com.uy/MLU-698684574-chana-benni-10-_JM;N/A;;"Chana Benni 1.0";usd;SÌ;free;false;N/A;N/A;http://perfil.mercadolibre.com.uy/GOFE385552;active;N/A;N/A;Usado;Gris;N/A;Hidr·ulica;Delantera;N/A;N/A;N/A;N/A;N/A;N/A;N/A;N/A;N/A;N/A;N/A;N/A;N/A;N/A;N/A;N/A;N/A;N/A;N/A;N/A;N/A;N/A;N/A;N/A;N/A;N/A;"1 L";N/A;N/A;N/A;N/A;N/A;N/A;N/A;N/A;N/A;N/A;N/A;N/A;N/A;N/A;N/A;N/A;N/A;N/A;N/A;N/A;N/A;N/A;N/A;N/A;N/A;N/A;N/A;N/A;N/A;N/A;N/A;N/A;N/A;N/A;N/A;N/A;N/A;N/A;N/A;N/A;N/A;N/A;N/A;N/A;N/A;N/A;N/A;N/A;N/A;N/A;N/A;N/A;N/A;N/A;"68 hp";N/A;N/A;N/A;N/A;N/A;N/A;N/A;N/A;N/A;N/A;N/A;N/A;N/A;N/A;N/A;N/A;N/A;N/A;N/A;N/A;N/A;"Lunes a domingo";5;1.0;Nafta;Manual;Hatchback;"Autos y camionetas";N/A;N/A;N/A;N/A;N/A;N/A;UY;N/A;N/A;N/A;N/A;N/A;N/A;N/A;N/A;N/A;N/A;N/A;N/A;N/A;N/A;N/A;N/A;N/A;N/A;N/A;N/A;N/A;N/A;N/A;N/A;N/A;N/A;N/A;N/A;N/A;N/A;N/A;N/A;N/A;N/A;N/A;N/A;N/A;N/A;N/A;N/A;N/A;N/A;N/A;N/A;N/A;N/A;N/A;N/A;N/A;N/A;N/A;N/A;N/A;N/A;N/A;N/A;N/A;N/A;N/A;N/A;N/A;N/A;N/A;N/A;N/A;N/A;N/A;N/A;N/A;N/A;N/A;N/A;N/A;N/A;N/A;N/A;N/A;N/A;N/A;N/A;N/A;N/A;N/A;N/A;N/A;N/A;N/A;N/A;N/A;N/A;N/A;N/A;N/A;N/A;N/A;N/A;N/A;N/A;N/A;N/A;N/A;N/A;N/A;N/A;N/A;N/A;N/A;N/A;N/A;N/A;N/A;N/A;N/A;N/A;N/A
Chana;SC;"1.3 Sc 1022";2008;"120000 km";;GIMENEZLUIS20220813075822;5000;;;;;N/A;https://auto.mercadolibre.com.uy/MLU-701763748-chana-sc-13-sc-1022-_JM;N/A;;"Chana Sc 1.3 Sc 1022";usd;SÌ;free;false;N/A;N/A;http://perfil.mercadolibre.com.uy/GIMENEZLUIS20220813075822;active;N/A;N/A;Usado;Azul;N/A;Hidr·ulica;Delantera;N/A;N/A;N/A;N/A;N/A;N/A;N/A;N/A;N/A;N/A;N/A;N/A;N/A;N/A;N/A;N/A;N/A;N/A;N/A;N/A;N/A;N/A;N/A;N/A;N/A;N/A;"1.3 L";N/A;N/A;N/A;N/A;N/A;N/A;N/A;N/A;N/A;N/A;N/A;N/A;N/A;N/A;N/A;N/A;N/A;N/A;N/A;N/A;N/A;N/A;N/A;N/A;N/A;N/A;N/A;N/A;N/A;N/A;N/A;N/A;N/A;N/A;N/A;N/A;N/A;N/A;N/A;N/A;N/A;N/A;N/A;N/A;N/A;N/A;N/A;N/A;N/A;N/A;N/A;N/A;N/A;N/A;N/A;1022;N/A;N/A;N/A;N/A;N/A;N/A;N/A;N/A;N/A;N/A;N/A;N/A;N/A;N/A;N/A;N/A;N/A;N/A;N/A;N/A;N/A;2;1.3;Nafta;Manual;Pick-Up;"Autos y camionetas";N/A;N/A;N/A;N/A;N/A;N/A;UY;N/A;N/A;N/A;N/A;N/A;N/A;N/A;N/A;N/A;N/A;N/A;N/A;N/A;N/A;N/A;N/A;N/A;N/A;N/A;N/A;N/A;N/A;N/A;N/A;N/A;N/A;N/A;N/A;N/A;N/A;N/A;N/A;N/A;N/A;N/A;N/A;N/A;N/A;N/A;N/A;N/A;N/A;N/A;N/A;N/A;N/A;N/A;N/A;N/A;N/A;N/A;N/A;N/A;N/A;N/A;N/A;N/A;N/A;N/A;N/A;N/A;N/A;N/A;N/A;N/A;N/A;N/A;N/A;N/A;N/A;N/A;N/A;N/A;N/A;N/A;N/A;N/A;N/A;N/A;N/A;N/A;N/A;N/A;N/A;N/A;N/A;N/A;N/A;N/A;N/A;N/A;N/A;N/A;N/A;N/A;N/A;N/A;N/A;N/A;N/A;N/A;N/A;N/A;N/A;N/A;N/A;N/A;N/A;N/A;N/A;N/A;N/A;N/A;N/A;N/A
Chana;Benni;1.0;2013;"102000 km";;ROBBESSONART;5900;;;;;Trinidad;https://auto.mercadolibre.com.uy/MLU-701654388-chana-benni-10-ano-2013-en-buen-estado-_JM;N/A;;"Chana Benni, 1.0, AÒo 2013, En Buen Estado";usd;SÌ;free;false;N/A;N/A;http://perfil.mercadolibre.com.uy/ROBBESSONART;active;N/A;N/A;Usado;Gris;SÌ;Asistida;Delantera;N/A;N/A;N/A;N/A;N/A;N/A;N/A;N/A;N/A;N/A;N/A;N/A;N/A;N/A;N/A;N/A;N/A;N/A;N/A;N/A;N/A;N/A;N/A;N/A;N/A;N/A;"1 L";N/A;N/A;N/A;N/A;N/A;N/A;N/A;N/A;N/A;N/A;N/A;N/A;N/A;N/A;N/A;N/A;N/A;N/A;N/A;N/A;N/A;N/A;N/A;N/A;N/A;N/A;N/A;N/A;N/A;N/A;N/A;N/A;N/A;N/A;N/A;N/A;N/A;N/A;N/A;N/A;N/A;N/A;N/A;N/A;N/A;N/A;N/A;N/A;N/A;N/A;N/A;N/A;N/A;N/A;"68 hp";N/A;N/A;N/A;N/A;N/A;N/A;N/A;N/A;N/A;N/A;N/A;N/A;N/A;N/A;N/A;N/A;N/A;N/A;N/A;N/A;N/A;N/A;5;1.0;Nafta;Manual;Hatchback;"Autos y camionetas";N/A;N/A;N/A;N/A;N/A;N/A;UY;N/A;N/A;N/A;N/A;N/A;N/A;N/A;N/A;N/A;N/A;N/A;N/A;N/A;N/A;N/A;N/A;N/A;N/A;N/A;N/A;N/A;N/A;N/A;N/A;N/A;N/A;N/A;N/A;N/A;N/A;N/A;N/A;N/A;N/A;N/A;N/A;N/A;N/A;N/A;N/A;N/A;N/A;N/A;N/A;N/A;N/A;N/A;N/A;N/A;N/A;N/A;N/A;N/A;N/A;N/A;N/A;N/A;N/A;N/A;N/A;N/A;N/A;N/A;N/A;N/A;N/A;N/A;N/A;N/A;N/A;N/A;N/A;N/A;N/A;N/A;N/A;N/A;N/A;N/A;N/A;N/A;N/A;N/A;N/A;N/A;N/A;N/A;N/A;N/A;N/A;N/A;N/A;N/A;N/A;N/A;N/A;N/A;N/A;N/A;N/A;N/A;N/A;N/A;N/A;N/A;N/A;N/A;N/A;N/A;N/A;N/A;N/A;N/A;N/A;N/A
Chana;Star;Minibus;2015;"60000 km";;FOPE3260497;9990;;;;;HipÛdromo;https://auto.mercadolibre.com.uy/MLU-645771965-chana-star-minibus-8pasajeros-_JM;N/A;;"Chana Star Minibus 8pasajeros";USD;SÌ;free;false;N/A;N/A;http://perfil.mercadolibre.com.uy/FOPE3260497;active;N/A;N/A;Usado;Plateado;N/A;N/A;N/A;N/A;N/A;N/A;N/A;N/A;SÌ;N/A;N/A;N/A;N/A;N/A;N/A;N/A;N/A;N/A;N/A;N/A;N/A;N/A;N/A;N/A;N/A;N/A;N/A;N/A;N/A;N/A;N/A;N/A;N/A;N/A;N/A;N/A;N/A;N/A;N/A;N/A;N/A;N/A;N/A;N/A;N/A;N/A;N/A;N/A;N/A;N/A;N/A;N/A;N/A;N/A;N/A;N/A;N/A;N/A;N/A;N/A;N/A;N/A;N/A;N/A;N/A;N/A;N/A;N/A;N/A;N/A;N/A;N/A;N/A;N/A;N/A;N/A;N/A;N/A;N/A;N/A;N/A;N/A;N/A;N/A;N/A;N/A;N/A;N/A;N/A;N/A;N/A;N/A;N/A;N/A;N/A;N/A;No;N/A;N/A;N/A;N/A;N/A;N/A;N/A;N/A;N/A;"lunes a viernes de 9 a 14 y de 16 a 20";5;1200;Nafta;N/A;Minivan;"Autos y camionetas";N/A;N/A;N/A;N/A;N/A;N/A;N/A;N/A;No;N/A;N/A;N/A;N/A;N/A;N/A;N/A;N/A;N/A;N/A;N/A;N/A;N/A;N/A;N/A;N/A;N/A;N/A;N/A;N/A;N/A;N/A;N/A;N/A;N/A;N/A;N/A;N/A;N/A;N/A;N/A;N/A;N/A;N/A;N/A;N/A;N/A;N/A;N/A;N/A;N/A;N/A;N/A;N/A;N/A;N/A;N/A;N/A;N/A;N/A;N/A;N/A;N/A;No;N/A;N/A;N/A;N/A;N/A;N/A;N/A;N/A;N/A;N/A;N/A;N/A;N/A;N/A;N/A;N/A;N/A;N/A;N/A;N/A;N/A;N/A;N/A;N/A;N/A;N/A;N/A;N/A;N/A;N/A;N/A;N/A;N/A;SÌ;SÌ;SÌ;N/A;SÌ;N/A;N/A;N/A;N/A;SÌ;N/A;SÌ;N/A;N/A;N/A;N/A;N/A;SÌ;SÌ;SÌ;N/A;N/A;N/A;N/A;N/A;N/A
Chana;Benni;"1.0 Full Manual";2015;"69000 km";;MESAFLORENCIA20220219013608;6500;;;;;Mercedes;https://auto.mercadolibre.com.uy/MLU-646076421-chana-benni-2015-10-full-manual-_JM;N/A;;"Chana Benni 2015 1.0 Full Manual";usd;SÌ;free;false;N/A;N/A;http://perfil.mercadolibre.com.uy/MESAFLORENCIA20220219013608;active;N/A;N/A;Usado;N/A;N/A;Hidr·ulica;Delantera;SÌ;N/A;N/A;N/A;N/A;N/A;N/A;N/A;N/A;N/A;N/A;N/A;N/A;N/A;N/A;N/A;N/A;N/A;N/A;N/A;N/A;N/A;N/A;N/A;N/A;N/A;"1 L";N/A;N/A;N/A;N/A;N/A;N/A;N/A;N/A;N/A;N/A;N/A;N/A;N/A;N/A;N/A;N/A;N/A;N/A;N/A;N/A;N/A;N/A;N/A;N/A;N/A;N/A;N/A;N/A;N/A;N/A;N/A;N/A;N/A;N/A;N/A;N/A;N/A;N/A;N/A;N/A;N/A;N/A;N/A;N/A;N/A;N/A;N/A;N/A;N/A;N/A;N/A;N/A;N/A;N/A;"68 hp";Full;N/A;N/A;N/A;N/A;N/A;N/A;N/A;N/A;N/A;N/A;N/A;N/A;N/A;N/A;N/A;N/A;N/A;N/A;N/A;N/A;N/A;5;1.0;Nafta;Manual;Hatchback;"Autos y camionetas";N/A;N/A;N/A;N/A;N/A;N/A;UY;N/A;N/A;N/A;N/A;N/A;N/A;N/A;N/A;N/A;N/A;N/A;N/A;N/A;N/A;N/A;N/A;N/A;N/A;N/A;N/A;N/A;N/A;N/A;N/A;N/A;N/A;N/A;N/A;N/A;N/A;N/A;N/A;N/A;N/A;N/A;N/A;N/A;N/A;N/A;N/A;N/A;N/A;N/A;N/A;N/A;N/A;N/A;N/A;N/A;N/A;N/A;N/A;N/A;N/A;N/A;N/A;N/A;N/A;N/A;N/A;N/A;N/A;N/A;N/A;N/A;N/A;N/A;N/A;N/A;N/A;N/A;N/A;N/A;N/A;N/A;N/A;N/A;N/A;N/A;N/A;N/A;N/A;N/A;N/A;N/A;N/A;N/A;N/A;N/A;SÌ;N/A;SÌ;N/A;N/A;N/A;N/A;SÌ;N/A;SÌ;N/A;N/A;N/A;N/A;N/A;N/A;N/A;N/A;N/A;N/A;N/A;N/A;N/A;N/A;N/A;N/A
Chana;"Chana q20";"Chana q20 muy buen estado";2018;"120000 km";;PC20240616132916;7500;;;;;"El Pinar";https://auto.mercadolibre.com.uy/MLU-701414102-chana-q20-muy-buen-estado-_JM;N/A;;"Chana Q20 Muy Buen Estado";USD;SÌ;free;false;N/A;N/A;http://perfil.mercadolibre.com.uy/PC20240616132916;active;N/A;N/A;Usado;Blanco;No;Hidr·ulica;Delantera;N/A;N/A;N/A;N/A;N/A;N/A;N/A;N/A;N/A;N/A;N/A;N/A;N/A;N/A;N/A;N/A;N/A;N/A;N/A;N/A;N/A;N/A;N/A;N/A;N/A;N/A;N/A;N/A;N/A;N/A;N/A;N/A;N/A;N/A;N/A;N/A;N/A;N/A;N/A;N/A;N/A;N/A;N/A;N/A;N/A;N/A;N/A;N/A;N/A;N/A;N/A;N/A;N/A;N/A;N/A;N/A;N/A;N/A;N/A;N/A;N/A;N/A;N/A;N/A;N/A;N/A;N/A;N/A;N/A;N/A;N/A;N/A;N/A;N/A;N/A;N/A;N/A;N/A;N/A;N/A;N/A;N/A;N/A;N/A;N/A;N/A;N/A;N/A;N/A;N/A;N/A;N/A;N/A;N/A;N/A;N/A;N/A;N/A;N/A;N/A;N/A;N/A;N/A;N/A;2;1.3;Nafta;Manual;Pick-Up;"Autos y camionetas";N/A;N/A;N/A;N/A;N/A;N/A;N/A;N/A;N/A;N/A;N/A;N/A;N/A;N/A;N/A;N/A;N/A;N/A;N/A;N/A;N/A;N/A;N/A;N/A;N/A;N/A;N/A;N/A;N/A;N/A;N/A;N/A;N/A;N/A;N/A;N/A;N/A;N/A;N/A;N/A;N/A;N/A;N/A;N/A;N/A;N/A;N/A;N/A;N/A;N/A;N/A;N/A;N/A;N/A;N/A;N/A;N/A;N/A;N/A;N/A;N/A;N/A;N/A;N/A;N/A;N/A;N/A;N/A;N/A;N/A;N/A;N/A;N/A;N/A;N/A;N/A;N/A;N/A;N/A;N/A;N/A;N/A;N/A;N/A;N/A;N/A;N/A;N/A;N/A;N/A;N/A;N/A;N/A;N/A;N/A;N/A;N/A;N/A;N/A;N/A;N/A;N/A;N/A;N/A;N/A;N/A;N/A;N/A;N/A;N/A;N/A;N/A;N/A;N/A;N/A;N/A;N/A;N/A;N/A;N/A;N/A;N/A
Chana;SC;"1.3 Sc 1021 Pick-Up";2012;"105000 km";;CANDELARIASTRATTA;4800;;;;;Prado;https://auto.mercadolibre.com.uy/MLU-645998809-chana-sc-2012-13-sc-1021-pick-up-_JM;N/A;;"Chana Sc 2012 1.3 Sc 1021 Pick-up";usd;SÌ;free;false;N/A;N/A;http://perfil.mercadolibre.com.uy/CANDELARIASTRATTA;active;N/A;N/A;Usado;N/A;N/A;Hidr·ulica;Delantera;N/A;N/A;N/A;N/A;N/A;N/A;N/A;N/A;N/A;N/A;N/A;N/A;N/A;N/A;N/A;N/A;N/A;N/A;N/A;N/A;N/A;N/A;N/A;N/A;N/A;N/A;"1.3 L";N/A;N/A;N/A;N/A;N/A;N/A;N/A;N/A;N/A;N/A;N/A;N/A;N/A;N/A;N/A;N/A;N/A;N/A;N/A;N/A;N/A;N/A;N/A;N/A;N/A;N/A;N/A;N/A;N/A;N/A;N/A;N/A;N/A;N/A;N/A;N/A;N/A;N/A;N/A;N/A;N/A;N/A;N/A;N/A;N/A;N/A;N/A;N/A;N/A;N/A;N/A;N/A;N/A;N/A;N/A;1021;N/A;N/A;N/A;N/A;N/A;N/A;N/A;N/A;N/A;N/A;N/A;N/A;N/A;N/A;N/A;N/A;N/A;N/A;N/A;N/A;N/A;2;1.3;Nafta;Manual;Pick-Up;"Autos y camionetas";N/A;N/A;N/A;N/A;N/A;N/A;UY;N/A;N/A;N/A;N/A;N/A;N/A;N/A;N/A;N/A;N/A;N/A;N/A;N/A;N/A;N/A;N/A;N/A;N/A;N/A;N/A;N/A;N/A;N/A;N/A;N/A;N/A;N/A;N/A;N/A;N/A;N/A;N/A;N/A;N/A;N/A;N/A;N/A;N/A;N/A;N/A;N/A;N/A;N/A;N/A;N/A;N/A;N/A;N/A;N/A;N/A;N/A;N/A;N/A;N/A;N/A;N/A;N/A;N/A;N/A;N/A;N/A;N/A;N/A;N/A;N/A;N/A;N/A;N/A;N/A;N/A;N/A;N/A;N/A;N/A;N/A;N/A;N/A;N/A;N/A;N/A;N/A;N/A;N/A;N/A;N/A;N/A;N/A;N/A;N/A;N/A;N/A;N/A;N/A;N/A;N/A;N/A;N/A;N/A;N/A;N/A;N/A;N/A;N/A;N/A;N/A;N/A;N/A;N/A;N/A;N/A;N/A;N/A;N/A;N/A;N/A
Chana;"Pick Up";1.0;2013;"150000 km";;ALEJANDROBREIJO;6900;;;;;Cerro;https://auto.mercadolibre.com.uy/MLU-700578376-chana-doble-cabina-_JM;N/A;;"Chana Doble Cabina";USD;SÌ;free;false;N/A;N/A;http://perfil.mercadolibre.com.uy/ALEJANDROBREIJO;active;N/A;N/A;Usado;Rojo;SÌ;Mec·nica;Trasera;SÌ;N/A;N/A;N/A;N/A;N/A;N/A;N/A;N/A;N/A;N/A;N/A;N/A;N/A;N/A;N/A;N/A;N/A;N/A;N/A;N/A;N/A;N/A;N/A;N/A;N/A;N/A;N/A;N/A;N/A;N/A;N/A;N/A;N/A;N/A;N/A;N/A;N/A;N/A;N/A;N/A;N/A;N/A;N/A;N/A;N/A;N/A;N/A;N/A;N/A;N/A;N/A;N/A;N/A;N/A;N/A;N/A;N/A;N/A;N/A;N/A;N/A;N/A;N/A;N/A;N/A;N/A;N/A;N/A;N/A;N/A;N/A;N/A;N/A;N/A;N/A;N/A;N/A;N/A;N/A;N/A;N/A;N/A;N/A;N/A;N/A;N/A;N/A;N/A;N/A;N/A;N/A;N/A;N/A;N/A;N/A;N/A;N/A;N/A;No;N/A;N/A;N/A;N/A;4;1.0;Nafta;Manual;Pick-Up;"Autos y camionetas";N/A;N/A;N/A;N/A;N/A;N/A;N/A;N/A;N/A;N/A;N/A;N/A;N/A;N/A;N/A;N/A;N/A;N/A;N/A;N/A;N/A;N/A;N/A;N/A;N/A;N/A;N/A;N/A;N/A;N/A;N/A;N/A;N/A;N/A;N/A;N/A;N/A;N/A;N/A;N/A;N/A;N/A;N/A;N/A;N/A;N/A;N/A;N/A;N/A;N/A;N/A;N/A;N/A;N/A;N/A;N/A;N/A;N/A;N/A;N/A;N/A;N/A;N/A;N/A;N/A;N/A;N/A;N/A;N/A;N/A;N/A;N/A;N/A;N/A;N/A;N/A;N/A;N/A;N/A;N/A;N/A;N/A;N/A;N/A;N/A;N/A;N/A;N/A;N/A;N/A;N/A;N/A;N/A;N/A;N/A;N/A;N/A;N/A;SÌ;N/A;N/A;N/A;N/A;N/A;N/A;N/A;N/A;N/A;N/A;N/A;N/A;N/A;N/A;N/A;N/A;N/A;N/A;N/A;N/A;N/A;N/A;SÌ
